# fixed awards from official 2025-12-30 rules; floating awards unresolved
2026263	x1z0	0
2026263	x1z1	4.5
2026263	x2z0	0
2026263	x2z1	0
2026263	x2z2	19
2026263	x3z0	0
2026263	x3z1	0
2026263	x3z2	3
2026263	x3z3	52
2026263	x4z0	0
2026263	x4z1	0
2026263	x4z2	3
2026263	x4z3	5
2026263	x4z4	93
2026263	x5z0	0
2026263	x5z1	0
2026263	x5z2	0
2026263	x5z3	3
2026263	x5z4	20
2026263	x5z5	1000
2026263	x6z0	0
2026263	x6z1	0
2026263	x6z2	0
2026263	x6z3	3
2026263	x6z4	10
2026263	x6z5	30
2026263	x6z6	2880
2026263	x7z0	2
2026263	x7z1	0
2026263	x7z2	0
2026263	x7z3	0
2026263	x7z4	4
2026263	x7z5	30
2026263	x7z6	300
2026263	x7z7	8500
2026263	x8z0	2
2026263	x8z1	0
2026263	x8z2	0
2026263	x8z3	0
2026263	x8z4	3
2026263	x8z5	10
2026263	x8z6	80
2026263	x8z7	800
2026263	x8z8	50000
2026263	x9z0	2
2026263	x9z1	0
2026263	x9z2	0
2026263	x9z3	0
2026263	x9z4	3
2026263	x9z5	5
2026263	x9z6	22
2026263	x9z7	225
2026263	x9z8	2000
2026263	x10z0	2
2026263	x10z1	0
2026263	x10z2	0
2026263	x10z3	0
2026263	x10z4	0
2026263	x10z5	3
2026263	x10z6	5
2026263	x10z7	80
2026263	x10z8	720
2026263	x10z9	8000
2026262	x1z0	0
2026262	x1z1	4.5
2026262	x2z0	0
2026262	x2z1	0
2026262	x2z2	19
2026262	x3z0	0
2026262	x3z1	0
2026262	x3z2	3
2026262	x3z3	52
2026262	x4z0	0
2026262	x4z1	0
2026262	x4z2	3
2026262	x4z3	5
2026262	x4z4	93
2026262	x5z0	0
2026262	x5z1	0
2026262	x5z2	0
2026262	x5z3	3
2026262	x5z4	20
2026262	x5z5	1000
2026262	x6z0	0
2026262	x6z1	0
2026262	x6z2	0
2026262	x6z3	3
2026262	x6z4	10
2026262	x6z5	30
2026262	x6z6	2880
2026262	x7z0	2
2026262	x7z1	0
2026262	x7z2	0
2026262	x7z3	0
2026262	x7z4	4
2026262	x7z5	30
2026262	x7z6	300
2026262	x7z7	8500
2026262	x8z0	2
2026262	x8z1	0
2026262	x8z2	0
2026262	x8z3	0
2026262	x8z4	3
2026262	x8z5	10
2026262	x8z6	80
2026262	x8z7	800
2026262	x8z8	50000
2026262	x9z0	2
2026262	x9z1	0
2026262	x9z2	0
2026262	x9z3	0
2026262	x9z4	3
2026262	x9z5	5
2026262	x9z6	22
2026262	x9z7	225
2026262	x9z8	2000
2026262	x10z0	2
2026262	x10z1	0
2026262	x10z2	0
2026262	x10z3	0
2026262	x10z4	0
2026262	x10z5	3
2026262	x10z6	5
2026262	x10z7	80
2026262	x10z8	720
2026262	x10z9	8000
2026261	x1z0	0
2026261	x1z1	4.5
2026261	x2z0	0
2026261	x2z1	0
2026261	x2z2	19
2026261	x3z0	0
2026261	x3z1	0
2026261	x3z2	3
2026261	x3z3	52
2026261	x4z0	0
2026261	x4z1	0
2026261	x4z2	3
2026261	x4z3	5
2026261	x4z4	93
2026261	x5z0	0
2026261	x5z1	0
2026261	x5z2	0
2026261	x5z3	3
2026261	x5z4	20
2026261	x5z5	1000
2026261	x6z0	0
2026261	x6z1	0
2026261	x6z2	0
2026261	x6z3	3
2026261	x6z4	10
2026261	x6z5	30
2026261	x6z6	2880
2026261	x7z0	2
2026261	x7z1	0
2026261	x7z2	0
2026261	x7z3	0
2026261	x7z4	4
2026261	x7z5	30
2026261	x7z6	300
2026261	x7z7	8500
2026261	x8z0	2
2026261	x8z1	0
2026261	x8z2	0
2026261	x8z3	0
2026261	x8z4	3
2026261	x8z5	10
2026261	x8z6	80
2026261	x8z7	800
2026261	x8z8	50000
2026261	x9z0	2
2026261	x9z1	0
2026261	x9z2	0
2026261	x9z3	0
2026261	x9z4	3
2026261	x9z5	5
2026261	x9z6	22
2026261	x9z7	225
2026261	x9z8	2000
2026261	x10z0	2
2026261	x10z1	0
2026261	x10z2	0
2026261	x10z3	0
2026261	x10z4	0
2026261	x10z5	3
2026261	x10z6	5
2026261	x10z7	80
2026261	x10z8	720
2026261	x10z9	8000
2026260	x1z0	0
2026260	x1z1	4.5
2026260	x2z0	0
2026260	x2z1	0
2026260	x2z2	19
2026260	x3z0	0
2026260	x3z1	0
2026260	x3z2	3
2026260	x3z3	52
2026260	x4z0	0
2026260	x4z1	0
2026260	x4z2	3
2026260	x4z3	5
2026260	x4z4	93
2026260	x5z0	0
2026260	x5z1	0
2026260	x5z2	0
2026260	x5z3	3
2026260	x5z4	20
2026260	x5z5	1000
2026260	x6z0	0
2026260	x6z1	0
2026260	x6z2	0
2026260	x6z3	3
2026260	x6z4	10
2026260	x6z5	30
2026260	x6z6	2880
2026260	x7z0	2
2026260	x7z1	0
2026260	x7z2	0
2026260	x7z3	0
2026260	x7z4	4
2026260	x7z5	30
2026260	x7z6	300
2026260	x7z7	8500
2026260	x8z0	2
2026260	x8z1	0
2026260	x8z2	0
2026260	x8z3	0
2026260	x8z4	3
2026260	x8z5	10
2026260	x8z6	80
2026260	x8z7	800
2026260	x8z8	50000
2026260	x9z0	2
2026260	x9z1	0
2026260	x9z2	0
2026260	x9z3	0
2026260	x9z4	3
2026260	x9z5	5
2026260	x9z6	22
2026260	x9z7	225
2026260	x9z8	2000
2026260	x10z0	2
2026260	x10z1	0
2026260	x10z2	0
2026260	x10z3	0
2026260	x10z4	0
2026260	x10z5	3
2026260	x10z6	5
2026260	x10z7	80
2026260	x10z8	720
2026260	x10z9	8000
2026259	x1z0	0
2026259	x1z1	4.5
2026259	x2z0	0
2026259	x2z1	0
2026259	x2z2	19
2026259	x3z0	0
2026259	x3z1	0
2026259	x3z2	3
2026259	x3z3	52
2026259	x4z0	0
2026259	x4z1	0
2026259	x4z2	3
2026259	x4z3	5
2026259	x4z4	93
2026259	x5z0	0
2026259	x5z1	0
2026259	x5z2	0
2026259	x5z3	3
2026259	x5z4	20
2026259	x5z5	1000
2026259	x6z0	0
2026259	x6z1	0
2026259	x6z2	0
2026259	x6z3	3
2026259	x6z4	10
2026259	x6z5	30
2026259	x6z6	2880
2026259	x7z0	2
2026259	x7z1	0
2026259	x7z2	0
2026259	x7z3	0
2026259	x7z4	4
2026259	x7z5	30
2026259	x7z6	300
2026259	x7z7	8500
2026259	x8z0	2
2026259	x8z1	0
2026259	x8z2	0
2026259	x8z3	0
2026259	x8z4	3
2026259	x8z5	10
2026259	x8z6	80
2026259	x8z7	800
2026259	x8z8	50000
2026259	x9z0	2
2026259	x9z1	0
2026259	x9z2	0
2026259	x9z3	0
2026259	x9z4	3
2026259	x9z5	5
2026259	x9z6	22
2026259	x9z7	225
2026259	x9z8	2000
2026259	x10z0	2
2026259	x10z1	0
2026259	x10z2	0
2026259	x10z3	0
2026259	x10z4	0
2026259	x10z5	3
2026259	x10z6	5
2026259	x10z7	80
2026259	x10z8	720
2026259	x10z9	8000
2026258	x1z0	0
2026258	x1z1	4.5
2026258	x2z0	0
2026258	x2z1	0
2026258	x2z2	19
2026258	x3z0	0
2026258	x3z1	0
2026258	x3z2	3
2026258	x3z3	52
2026258	x4z0	0
2026258	x4z1	0
2026258	x4z2	3
2026258	x4z3	5
2026258	x4z4	93
2026258	x5z0	0
2026258	x5z1	0
2026258	x5z2	0
2026258	x5z3	3
2026258	x5z4	20
2026258	x5z5	1000
2026258	x6z0	0
2026258	x6z1	0
2026258	x6z2	0
2026258	x6z3	3
2026258	x6z4	10
2026258	x6z5	30
2026258	x6z6	2880
2026258	x7z0	2
2026258	x7z1	0
2026258	x7z2	0
2026258	x7z3	0
2026258	x7z4	4
2026258	x7z5	30
2026258	x7z6	300
2026258	x7z7	8500
2026258	x8z0	2
2026258	x8z1	0
2026258	x8z2	0
2026258	x8z3	0
2026258	x8z4	3
2026258	x8z5	10
2026258	x8z6	80
2026258	x8z7	800
2026258	x8z8	50000
2026258	x9z0	2
2026258	x9z1	0
2026258	x9z2	0
2026258	x9z3	0
2026258	x9z4	3
2026258	x9z5	5
2026258	x9z6	22
2026258	x9z7	225
2026258	x9z8	2000
2026258	x10z0	2
2026258	x10z1	0
2026258	x10z2	0
2026258	x10z3	0
2026258	x10z4	0
2026258	x10z5	3
2026258	x10z6	5
2026258	x10z7	80
2026258	x10z8	720
2026258	x10z9	8000
2026257	x1z0	0
2026257	x1z1	4.5
2026257	x2z0	0
2026257	x2z1	0
2026257	x2z2	19
2026257	x3z0	0
2026257	x3z1	0
2026257	x3z2	3
2026257	x3z3	52
2026257	x4z0	0
2026257	x4z1	0
2026257	x4z2	3
2026257	x4z3	5
2026257	x4z4	93
2026257	x5z0	0
2026257	x5z1	0
2026257	x5z2	0
2026257	x5z3	3
2026257	x5z4	20
2026257	x5z5	1000
2026257	x6z0	0
2026257	x6z1	0
2026257	x6z2	0
2026257	x6z3	3
2026257	x6z4	10
2026257	x6z5	30
2026257	x6z6	2880
2026257	x7z0	2
2026257	x7z1	0
2026257	x7z2	0
2026257	x7z3	0
2026257	x7z4	4
2026257	x7z5	30
2026257	x7z6	300
2026257	x7z7	8500
2026257	x8z0	2
2026257	x8z1	0
2026257	x8z2	0
2026257	x8z3	0
2026257	x8z4	3
2026257	x8z5	10
2026257	x8z6	80
2026257	x8z7	800
2026257	x8z8	50000
2026257	x9z0	2
2026257	x9z1	0
2026257	x9z2	0
2026257	x9z3	0
2026257	x9z4	3
2026257	x9z5	5
2026257	x9z6	22
2026257	x9z7	225
2026257	x9z8	2000
2026257	x10z0	2
2026257	x10z1	0
2026257	x10z2	0
2026257	x10z3	0
2026257	x10z4	0
2026257	x10z5	3
2026257	x10z6	5
2026257	x10z7	80
2026257	x10z8	720
2026257	x10z9	8000
2026256	x1z0	0
2026256	x1z1	4.5
2026256	x2z0	0
2026256	x2z1	0
2026256	x2z2	19
2026256	x3z0	0
2026256	x3z1	0
2026256	x3z2	3
2026256	x3z3	52
2026256	x4z0	0
2026256	x4z1	0
2026256	x4z2	3
2026256	x4z3	5
2026256	x4z4	93
2026256	x5z0	0
2026256	x5z1	0
2026256	x5z2	0
2026256	x5z3	3
2026256	x5z4	20
2026256	x5z5	1000
2026256	x6z0	0
2026256	x6z1	0
2026256	x6z2	0
2026256	x6z3	3
2026256	x6z4	10
2026256	x6z5	30
2026256	x6z6	2880
2026256	x7z0	2
2026256	x7z1	0
2026256	x7z2	0
2026256	x7z3	0
2026256	x7z4	4
2026256	x7z5	30
2026256	x7z6	300
2026256	x7z7	8500
2026256	x8z0	2
2026256	x8z1	0
2026256	x8z2	0
2026256	x8z3	0
2026256	x8z4	3
2026256	x8z5	10
2026256	x8z6	80
2026256	x8z7	800
2026256	x8z8	50000
2026256	x9z0	2
2026256	x9z1	0
2026256	x9z2	0
2026256	x9z3	0
2026256	x9z4	3
2026256	x9z5	5
2026256	x9z6	22
2026256	x9z7	225
2026256	x9z8	2000
2026256	x10z0	2
2026256	x10z1	0
2026256	x10z2	0
2026256	x10z3	0
2026256	x10z4	0
2026256	x10z5	3
2026256	x10z6	5
2026256	x10z7	80
2026256	x10z8	720
2026256	x10z9	8000
2026255	x1z0	0
2026255	x1z1	4.5
2026255	x2z0	0
2026255	x2z1	0
2026255	x2z2	19
2026255	x3z0	0
2026255	x3z1	0
2026255	x3z2	3
2026255	x3z3	52
2026255	x4z0	0
2026255	x4z1	0
2026255	x4z2	3
2026255	x4z3	5
2026255	x4z4	93
2026255	x5z0	0
2026255	x5z1	0
2026255	x5z2	0
2026255	x5z3	3
2026255	x5z4	20
2026255	x5z5	1000
2026255	x6z0	0
2026255	x6z1	0
2026255	x6z2	0
2026255	x6z3	3
2026255	x6z4	10
2026255	x6z5	30
2026255	x6z6	2880
2026255	x7z0	2
2026255	x7z1	0
2026255	x7z2	0
2026255	x7z3	0
2026255	x7z4	4
2026255	x7z5	30
2026255	x7z6	300
2026255	x7z7	8500
2026255	x8z0	2
2026255	x8z1	0
2026255	x8z2	0
2026255	x8z3	0
2026255	x8z4	3
2026255	x8z5	10
2026255	x8z6	80
2026255	x8z7	800
2026255	x8z8	50000
2026255	x9z0	2
2026255	x9z1	0
2026255	x9z2	0
2026255	x9z3	0
2026255	x9z4	3
2026255	x9z5	5
2026255	x9z6	22
2026255	x9z7	225
2026255	x9z8	2000
2026255	x10z0	2
2026255	x10z1	0
2026255	x10z2	0
2026255	x10z3	0
2026255	x10z4	0
2026255	x10z5	3
2026255	x10z6	5
2026255	x10z7	80
2026255	x10z8	720
2026255	x10z9	8000
2026254	x1z0	0
2026254	x1z1	4.5
2026254	x2z0	0
2026254	x2z1	0
2026254	x2z2	19
2026254	x3z0	0
2026254	x3z1	0
2026254	x3z2	3
2026254	x3z3	52
2026254	x4z0	0
2026254	x4z1	0
2026254	x4z2	3
2026254	x4z3	5
2026254	x4z4	93
2026254	x5z0	0
2026254	x5z1	0
2026254	x5z2	0
2026254	x5z3	3
2026254	x5z4	20
2026254	x5z5	1000
2026254	x6z0	0
2026254	x6z1	0
2026254	x6z2	0
2026254	x6z3	3
2026254	x6z4	10
2026254	x6z5	30
2026254	x6z6	2880
2026254	x7z0	2
2026254	x7z1	0
2026254	x7z2	0
2026254	x7z3	0
2026254	x7z4	4
2026254	x7z5	30
2026254	x7z6	300
2026254	x7z7	8500
2026254	x8z0	2
2026254	x8z1	0
2026254	x8z2	0
2026254	x8z3	0
2026254	x8z4	3
2026254	x8z5	10
2026254	x8z6	80
2026254	x8z7	800
2026254	x8z8	50000
2026254	x9z0	2
2026254	x9z1	0
2026254	x9z2	0
2026254	x9z3	0
2026254	x9z4	3
2026254	x9z5	5
2026254	x9z6	22
2026254	x9z7	225
2026254	x9z8	2000
2026254	x10z0	2
2026254	x10z1	0
2026254	x10z2	0
2026254	x10z3	0
2026254	x10z4	0
2026254	x10z5	3
2026254	x10z6	5
2026254	x10z7	80
2026254	x10z8	720
2026254	x10z9	8000
2026253	x1z0	0
2026253	x1z1	4.5
2026253	x2z0	0
2026253	x2z1	0
2026253	x2z2	19
2026253	x3z0	0
2026253	x3z1	0
2026253	x3z2	3
2026253	x3z3	52
2026253	x4z0	0
2026253	x4z1	0
2026253	x4z2	3
2026253	x4z3	5
2026253	x4z4	93
2026253	x5z0	0
2026253	x5z1	0
2026253	x5z2	0
2026253	x5z3	3
2026253	x5z4	20
2026253	x5z5	1000
2026253	x6z0	0
2026253	x6z1	0
2026253	x6z2	0
2026253	x6z3	3
2026253	x6z4	10
2026253	x6z5	30
2026253	x6z6	2880
2026253	x7z0	2
2026253	x7z1	0
2026253	x7z2	0
2026253	x7z3	0
2026253	x7z4	4
2026253	x7z5	30
2026253	x7z6	300
2026253	x7z7	8500
2026253	x8z0	2
2026253	x8z1	0
2026253	x8z2	0
2026253	x8z3	0
2026253	x8z4	3
2026253	x8z5	10
2026253	x8z6	80
2026253	x8z7	800
2026253	x8z8	50000
2026253	x9z0	2
2026253	x9z1	0
2026253	x9z2	0
2026253	x9z3	0
2026253	x9z4	3
2026253	x9z5	5
2026253	x9z6	22
2026253	x9z7	225
2026253	x9z8	2000
2026253	x10z0	2
2026253	x10z1	0
2026253	x10z2	0
2026253	x10z3	0
2026253	x10z4	0
2026253	x10z5	3
2026253	x10z6	5
2026253	x10z7	80
2026253	x10z8	720
2026253	x10z9	8000
2026252	x1z0	0
2026252	x1z1	4.5
2026252	x2z0	0
2026252	x2z1	0
2026252	x2z2	19
2026252	x3z0	0
2026252	x3z1	0
2026252	x3z2	3
2026252	x3z3	52
2026252	x4z0	0
2026252	x4z1	0
2026252	x4z2	3
2026252	x4z3	5
2026252	x4z4	93
2026252	x5z0	0
2026252	x5z1	0
2026252	x5z2	0
2026252	x5z3	3
2026252	x5z4	20
2026252	x5z5	1000
2026252	x6z0	0
2026252	x6z1	0
2026252	x6z2	0
2026252	x6z3	3
2026252	x6z4	10
2026252	x6z5	30
2026252	x6z6	2880
2026252	x7z0	2
2026252	x7z1	0
2026252	x7z2	0
2026252	x7z3	0
2026252	x7z4	4
2026252	x7z5	30
2026252	x7z6	300
2026252	x7z7	8500
2026252	x8z0	2
2026252	x8z1	0
2026252	x8z2	0
2026252	x8z3	0
2026252	x8z4	3
2026252	x8z5	10
2026252	x8z6	80
2026252	x8z7	800
2026252	x8z8	50000
2026252	x9z0	2
2026252	x9z1	0
2026252	x9z2	0
2026252	x9z3	0
2026252	x9z4	3
2026252	x9z5	5
2026252	x9z6	22
2026252	x9z7	225
2026252	x9z8	2000
2026252	x10z0	2
2026252	x10z1	0
2026252	x10z2	0
2026252	x10z3	0
2026252	x10z4	0
2026252	x10z5	3
2026252	x10z6	5
2026252	x10z7	80
2026252	x10z8	720
2026252	x10z9	8000
2026251	x1z0	0
2026251	x1z1	4.5
2026251	x2z0	0
2026251	x2z1	0
2026251	x2z2	19
2026251	x3z0	0
2026251	x3z1	0
2026251	x3z2	3
2026251	x3z3	52
2026251	x4z0	0
2026251	x4z1	0
2026251	x4z2	3
2026251	x4z3	5
2026251	x4z4	93
2026251	x5z0	0
2026251	x5z1	0
2026251	x5z2	0
2026251	x5z3	3
2026251	x5z4	20
2026251	x5z5	1000
2026251	x6z0	0
2026251	x6z1	0
2026251	x6z2	0
2026251	x6z3	3
2026251	x6z4	10
2026251	x6z5	30
2026251	x6z6	2880
2026251	x7z0	2
2026251	x7z1	0
2026251	x7z2	0
2026251	x7z3	0
2026251	x7z4	4
2026251	x7z5	30
2026251	x7z6	300
2026251	x7z7	8500
2026251	x8z0	2
2026251	x8z1	0
2026251	x8z2	0
2026251	x8z3	0
2026251	x8z4	3
2026251	x8z5	10
2026251	x8z6	80
2026251	x8z7	800
2026251	x8z8	50000
2026251	x9z0	2
2026251	x9z1	0
2026251	x9z2	0
2026251	x9z3	0
2026251	x9z4	3
2026251	x9z5	5
2026251	x9z6	22
2026251	x9z7	225
2026251	x9z8	2000
2026251	x10z0	2
2026251	x10z1	0
2026251	x10z2	0
2026251	x10z3	0
2026251	x10z4	0
2026251	x10z5	3
2026251	x10z6	5
2026251	x10z7	80
2026251	x10z8	720
2026251	x10z9	8000
2026250	x1z0	0
2026250	x1z1	4.5
2026250	x2z0	0
2026250	x2z1	0
2026250	x2z2	19
2026250	x3z0	0
2026250	x3z1	0
2026250	x3z2	3
2026250	x3z3	52
2026250	x4z0	0
2026250	x4z1	0
2026250	x4z2	3
2026250	x4z3	5
2026250	x4z4	93
2026250	x5z0	0
2026250	x5z1	0
2026250	x5z2	0
2026250	x5z3	3
2026250	x5z4	20
2026250	x5z5	1000
2026250	x6z0	0
2026250	x6z1	0
2026250	x6z2	0
2026250	x6z3	3
2026250	x6z4	10
2026250	x6z5	30
2026250	x6z6	2880
2026250	x7z0	2
2026250	x7z1	0
2026250	x7z2	0
2026250	x7z3	0
2026250	x7z4	4
2026250	x7z5	30
2026250	x7z6	300
2026250	x7z7	8500
2026250	x8z0	2
2026250	x8z1	0
2026250	x8z2	0
2026250	x8z3	0
2026250	x8z4	3
2026250	x8z5	10
2026250	x8z6	80
2026250	x8z7	800
2026250	x8z8	50000
2026250	x9z0	2
2026250	x9z1	0
2026250	x9z2	0
2026250	x9z3	0
2026250	x9z4	3
2026250	x9z5	5
2026250	x9z6	22
2026250	x9z7	225
2026250	x9z8	2000
2026250	x10z0	2
2026250	x10z1	0
2026250	x10z2	0
2026250	x10z3	0
2026250	x10z4	0
2026250	x10z5	3
2026250	x10z6	5
2026250	x10z7	80
2026250	x10z8	720
2026250	x10z9	8000
2026249	x1z0	0
2026249	x1z1	4.5
2026249	x2z0	0
2026249	x2z1	0
2026249	x2z2	19
2026249	x3z0	0
2026249	x3z1	0
2026249	x3z2	3
2026249	x3z3	52
2026249	x4z0	0
2026249	x4z1	0
2026249	x4z2	3
2026249	x4z3	5
2026249	x4z4	93
2026249	x5z0	0
2026249	x5z1	0
2026249	x5z2	0
2026249	x5z3	3
2026249	x5z4	20
2026249	x5z5	1000
2026249	x6z0	0
2026249	x6z1	0
2026249	x6z2	0
2026249	x6z3	3
2026249	x6z4	10
2026249	x6z5	30
2026249	x6z6	2880
2026249	x7z0	2
2026249	x7z1	0
2026249	x7z2	0
2026249	x7z3	0
2026249	x7z4	4
2026249	x7z5	30
2026249	x7z6	300
2026249	x7z7	8500
2026249	x8z0	2
2026249	x8z1	0
2026249	x8z2	0
2026249	x8z3	0
2026249	x8z4	3
2026249	x8z5	10
2026249	x8z6	80
2026249	x8z7	800
2026249	x8z8	50000
2026249	x9z0	2
2026249	x9z1	0
2026249	x9z2	0
2026249	x9z3	0
2026249	x9z4	3
2026249	x9z5	5
2026249	x9z6	22
2026249	x9z7	225
2026249	x9z8	2000
2026249	x10z0	2
2026249	x10z1	0
2026249	x10z2	0
2026249	x10z3	0
2026249	x10z4	0
2026249	x10z5	3
2026249	x10z6	5
2026249	x10z7	80
2026249	x10z8	720
2026249	x10z9	8000
2026248	x1z0	0
2026248	x1z1	4.5
2026248	x2z0	0
2026248	x2z1	0
2026248	x2z2	19
2026248	x3z0	0
2026248	x3z1	0
2026248	x3z2	3
2026248	x3z3	52
2026248	x4z0	0
2026248	x4z1	0
2026248	x4z2	3
2026248	x4z3	5
2026248	x4z4	93
2026248	x5z0	0
2026248	x5z1	0
2026248	x5z2	0
2026248	x5z3	3
2026248	x5z4	20
2026248	x5z5	1000
2026248	x6z0	0
2026248	x6z1	0
2026248	x6z2	0
2026248	x6z3	3
2026248	x6z4	10
2026248	x6z5	30
2026248	x6z6	2880
2026248	x7z0	2
2026248	x7z1	0
2026248	x7z2	0
2026248	x7z3	0
2026248	x7z4	4
2026248	x7z5	30
2026248	x7z6	300
2026248	x7z7	8500
2026248	x8z0	2
2026248	x8z1	0
2026248	x8z2	0
2026248	x8z3	0
2026248	x8z4	3
2026248	x8z5	10
2026248	x8z6	80
2026248	x8z7	800
2026248	x8z8	50000
2026248	x9z0	2
2026248	x9z1	0
2026248	x9z2	0
2026248	x9z3	0
2026248	x9z4	3
2026248	x9z5	5
2026248	x9z6	22
2026248	x9z7	225
2026248	x9z8	2000
2026248	x10z0	2
2026248	x10z1	0
2026248	x10z2	0
2026248	x10z3	0
2026248	x10z4	0
2026248	x10z5	3
2026248	x10z6	5
2026248	x10z7	80
2026248	x10z8	720
2026248	x10z9	8000
2026247	x1z0	0
2026247	x1z1	4.5
2026247	x2z0	0
2026247	x2z1	0
2026247	x2z2	19
2026247	x3z0	0
2026247	x3z1	0
2026247	x3z2	3
2026247	x3z3	52
2026247	x4z0	0
2026247	x4z1	0
2026247	x4z2	3
2026247	x4z3	5
2026247	x4z4	93
2026247	x5z0	0
2026247	x5z1	0
2026247	x5z2	0
2026247	x5z3	3
2026247	x5z4	20
2026247	x5z5	1000
2026247	x6z0	0
2026247	x6z1	0
2026247	x6z2	0
2026247	x6z3	3
2026247	x6z4	10
2026247	x6z5	30
2026247	x6z6	2880
2026247	x7z0	2
2026247	x7z1	0
2026247	x7z2	0
2026247	x7z3	0
2026247	x7z4	4
2026247	x7z5	30
2026247	x7z6	300
2026247	x7z7	8500
2026247	x8z0	2
2026247	x8z1	0
2026247	x8z2	0
2026247	x8z3	0
2026247	x8z4	3
2026247	x8z5	10
2026247	x8z6	80
2026247	x8z7	800
2026247	x8z8	50000
2026247	x9z0	2
2026247	x9z1	0
2026247	x9z2	0
2026247	x9z3	0
2026247	x9z4	3
2026247	x9z5	5
2026247	x9z6	22
2026247	x9z7	225
2026247	x9z8	2000
2026247	x10z0	2
2026247	x10z1	0
2026247	x10z2	0
2026247	x10z3	0
2026247	x10z4	0
2026247	x10z5	3
2026247	x10z6	5
2026247	x10z7	80
2026247	x10z8	720
2026247	x10z9	8000
2026246	x1z0	0
2026246	x1z1	4.5
2026246	x2z0	0
2026246	x2z1	0
2026246	x2z2	19
2026246	x3z0	0
2026246	x3z1	0
2026246	x3z2	3
2026246	x3z3	52
2026246	x4z0	0
2026246	x4z1	0
2026246	x4z2	3
2026246	x4z3	5
2026246	x4z4	93
2026246	x5z0	0
2026246	x5z1	0
2026246	x5z2	0
2026246	x5z3	3
2026246	x5z4	20
2026246	x5z5	1000
2026246	x6z0	0
2026246	x6z1	0
2026246	x6z2	0
2026246	x6z3	3
2026246	x6z4	10
2026246	x6z5	30
2026246	x6z6	2880
2026246	x7z0	2
2026246	x7z1	0
2026246	x7z2	0
2026246	x7z3	0
2026246	x7z4	4
2026246	x7z5	30
2026246	x7z6	300
2026246	x7z7	8500
2026246	x8z0	2
2026246	x8z1	0
2026246	x8z2	0
2026246	x8z3	0
2026246	x8z4	3
2026246	x8z5	10
2026246	x8z6	80
2026246	x8z7	800
2026246	x8z8	50000
2026246	x9z0	2
2026246	x9z1	0
2026246	x9z2	0
2026246	x9z3	0
2026246	x9z4	3
2026246	x9z5	5
2026246	x9z6	22
2026246	x9z7	225
2026246	x9z8	2000
2026246	x10z0	2
2026246	x10z1	0
2026246	x10z2	0
2026246	x10z3	0
2026246	x10z4	0
2026246	x10z5	3
2026246	x10z6	5
2026246	x10z7	80
2026246	x10z8	720
2026246	x10z9	8000
2026245	x1z0	0
2026245	x1z1	4.5
2026245	x2z0	0
2026245	x2z1	0
2026245	x2z2	19
2026245	x3z0	0
2026245	x3z1	0
2026245	x3z2	3
2026245	x3z3	52
2026245	x4z0	0
2026245	x4z1	0
2026245	x4z2	3
2026245	x4z3	5
2026245	x4z4	93
2026245	x5z0	0
2026245	x5z1	0
2026245	x5z2	0
2026245	x5z3	3
2026245	x5z4	20
2026245	x5z5	1000
2026245	x6z0	0
2026245	x6z1	0
2026245	x6z2	0
2026245	x6z3	3
2026245	x6z4	10
2026245	x6z5	30
2026245	x6z6	2880
2026245	x7z0	2
2026245	x7z1	0
2026245	x7z2	0
2026245	x7z3	0
2026245	x7z4	4
2026245	x7z5	30
2026245	x7z6	300
2026245	x7z7	8500
2026245	x8z0	2
2026245	x8z1	0
2026245	x8z2	0
2026245	x8z3	0
2026245	x8z4	3
2026245	x8z5	10
2026245	x8z6	80
2026245	x8z7	800
2026245	x8z8	50000
2026245	x9z0	2
2026245	x9z1	0
2026245	x9z2	0
2026245	x9z3	0
2026245	x9z4	3
2026245	x9z5	5
2026245	x9z6	22
2026245	x9z7	225
2026245	x9z8	2000
2026245	x10z0	2
2026245	x10z1	0
2026245	x10z2	0
2026245	x10z3	0
2026245	x10z4	0
2026245	x10z5	3
2026245	x10z6	5
2026245	x10z7	80
2026245	x10z8	720
2026245	x10z9	8000
2026244	x1z0	0
2026244	x1z1	4.5
2026244	x2z0	0
2026244	x2z1	0
2026244	x2z2	19
2026244	x3z0	0
2026244	x3z1	0
2026244	x3z2	3
2026244	x3z3	52
2026244	x4z0	0
2026244	x4z1	0
2026244	x4z2	3
2026244	x4z3	5
2026244	x4z4	93
2026244	x5z0	0
2026244	x5z1	0
2026244	x5z2	0
2026244	x5z3	3
2026244	x5z4	20
2026244	x5z5	1000
2026244	x6z0	0
2026244	x6z1	0
2026244	x6z2	0
2026244	x6z3	3
2026244	x6z4	10
2026244	x6z5	30
2026244	x6z6	2880
2026244	x7z0	2
2026244	x7z1	0
2026244	x7z2	0
2026244	x7z3	0
2026244	x7z4	4
2026244	x7z5	30
2026244	x7z6	300
2026244	x7z7	8500
2026244	x8z0	2
2026244	x8z1	0
2026244	x8z2	0
2026244	x8z3	0
2026244	x8z4	3
2026244	x8z5	10
2026244	x8z6	80
2026244	x8z7	800
2026244	x8z8	50000
2026244	x9z0	2
2026244	x9z1	0
2026244	x9z2	0
2026244	x9z3	0
2026244	x9z4	3
2026244	x9z5	5
2026244	x9z6	22
2026244	x9z7	225
2026244	x9z8	2000
2026244	x10z0	2
2026244	x10z1	0
2026244	x10z2	0
2026244	x10z3	0
2026244	x10z4	0
2026244	x10z5	3
2026244	x10z6	5
2026244	x10z7	80
2026244	x10z8	720
2026244	x10z9	8000
2026243	x1z0	0
2026243	x1z1	4.5
2026243	x2z0	0
2026243	x2z1	0
2026243	x2z2	19
2026243	x3z0	0
2026243	x3z1	0
2026243	x3z2	3
2026243	x3z3	52
2026243	x4z0	0
2026243	x4z1	0
2026243	x4z2	3
2026243	x4z3	5
2026243	x4z4	93
2026243	x5z0	0
2026243	x5z1	0
2026243	x5z2	0
2026243	x5z3	3
2026243	x5z4	20
2026243	x5z5	1000
2026243	x6z0	0
2026243	x6z1	0
2026243	x6z2	0
2026243	x6z3	3
2026243	x6z4	10
2026243	x6z5	30
2026243	x6z6	2880
2026243	x7z0	2
2026243	x7z1	0
2026243	x7z2	0
2026243	x7z3	0
2026243	x7z4	4
2026243	x7z5	30
2026243	x7z6	300
2026243	x7z7	8500
2026243	x8z0	2
2026243	x8z1	0
2026243	x8z2	0
2026243	x8z3	0
2026243	x8z4	3
2026243	x8z5	10
2026243	x8z6	80
2026243	x8z7	800
2026243	x8z8	50000
2026243	x9z0	2
2026243	x9z1	0
2026243	x9z2	0
2026243	x9z3	0
2026243	x9z4	3
2026243	x9z5	5
2026243	x9z6	22
2026243	x9z7	225
2026243	x9z8	2000
2026243	x10z0	2
2026243	x10z1	0
2026243	x10z2	0
2026243	x10z3	0
2026243	x10z4	0
2026243	x10z5	3
2026243	x10z6	5
2026243	x10z7	80
2026243	x10z8	720
2026243	x10z9	8000
2026242	x1z0	0
2026242	x1z1	4.5
2026242	x2z0	0
2026242	x2z1	0
2026242	x2z2	19
2026242	x3z0	0
2026242	x3z1	0
2026242	x3z2	3
2026242	x3z3	52
2026242	x4z0	0
2026242	x4z1	0
2026242	x4z2	3
2026242	x4z3	5
2026242	x4z4	93
2026242	x5z0	0
2026242	x5z1	0
2026242	x5z2	0
2026242	x5z3	3
2026242	x5z4	20
2026242	x5z5	1000
2026242	x6z0	0
2026242	x6z1	0
2026242	x6z2	0
2026242	x6z3	3
2026242	x6z4	10
2026242	x6z5	30
2026242	x6z6	2880
2026242	x7z0	2
2026242	x7z1	0
2026242	x7z2	0
2026242	x7z3	0
2026242	x7z4	4
2026242	x7z5	30
2026242	x7z6	300
2026242	x7z7	8500
2026242	x8z0	2
2026242	x8z1	0
2026242	x8z2	0
2026242	x8z3	0
2026242	x8z4	3
2026242	x8z5	10
2026242	x8z6	80
2026242	x8z7	800
2026242	x8z8	50000
2026242	x9z0	2
2026242	x9z1	0
2026242	x9z2	0
2026242	x9z3	0
2026242	x9z4	3
2026242	x9z5	5
2026242	x9z6	22
2026242	x9z7	225
2026242	x9z8	2000
2026242	x10z0	2
2026242	x10z1	0
2026242	x10z2	0
2026242	x10z3	0
2026242	x10z4	0
2026242	x10z5	3
2026242	x10z6	5
2026242	x10z7	80
2026242	x10z8	720
2026242	x10z9	8000
2026241	x1z0	0
2026241	x1z1	4.5
2026241	x2z0	0
2026241	x2z1	0
2026241	x2z2	19
2026241	x3z0	0
2026241	x3z1	0
2026241	x3z2	3
2026241	x3z3	52
2026241	x4z0	0
2026241	x4z1	0
2026241	x4z2	3
2026241	x4z3	5
2026241	x4z4	93
2026241	x5z0	0
2026241	x5z1	0
2026241	x5z2	0
2026241	x5z3	3
2026241	x5z4	20
2026241	x5z5	1000
2026241	x6z0	0
2026241	x6z1	0
2026241	x6z2	0
2026241	x6z3	3
2026241	x6z4	10
2026241	x6z5	30
2026241	x6z6	2880
2026241	x7z0	2
2026241	x7z1	0
2026241	x7z2	0
2026241	x7z3	0
2026241	x7z4	4
2026241	x7z5	30
2026241	x7z6	300
2026241	x7z7	8500
2026241	x8z0	2
2026241	x8z1	0
2026241	x8z2	0
2026241	x8z3	0
2026241	x8z4	3
2026241	x8z5	10
2026241	x8z6	80
2026241	x8z7	800
2026241	x8z8	50000
2026241	x9z0	2
2026241	x9z1	0
2026241	x9z2	0
2026241	x9z3	0
2026241	x9z4	3
2026241	x9z5	5
2026241	x9z6	22
2026241	x9z7	225
2026241	x9z8	2000
2026241	x10z0	2
2026241	x10z1	0
2026241	x10z2	0
2026241	x10z3	0
2026241	x10z4	0
2026241	x10z5	3
2026241	x10z6	5
2026241	x10z7	80
2026241	x10z8	720
2026241	x10z9	8000
2026240	x1z0	0
2026240	x1z1	4.5
2026240	x2z0	0
2026240	x2z1	0
2026240	x2z2	19
2026240	x3z0	0
2026240	x3z1	0
2026240	x3z2	3
2026240	x3z3	52
2026240	x4z0	0
2026240	x4z1	0
2026240	x4z2	3
2026240	x4z3	5
2026240	x4z4	93
2026240	x5z0	0
2026240	x5z1	0
2026240	x5z2	0
2026240	x5z3	3
2026240	x5z4	20
2026240	x5z5	1000
2026240	x6z0	0
2026240	x6z1	0
2026240	x6z2	0
2026240	x6z3	3
2026240	x6z4	10
2026240	x6z5	30
2026240	x6z6	2880
2026240	x7z0	2
2026240	x7z1	0
2026240	x7z2	0
2026240	x7z3	0
2026240	x7z4	4
2026240	x7z5	30
2026240	x7z6	300
2026240	x7z7	8500
2026240	x8z0	2
2026240	x8z1	0
2026240	x8z2	0
2026240	x8z3	0
2026240	x8z4	3
2026240	x8z5	10
2026240	x8z6	80
2026240	x8z7	800
2026240	x8z8	50000
2026240	x9z0	2
2026240	x9z1	0
2026240	x9z2	0
2026240	x9z3	0
2026240	x9z4	3
2026240	x9z5	5
2026240	x9z6	22
2026240	x9z7	225
2026240	x9z8	2000
2026240	x10z0	2
2026240	x10z1	0
2026240	x10z2	0
2026240	x10z3	0
2026240	x10z4	0
2026240	x10z5	3
2026240	x10z6	5
2026240	x10z7	80
2026240	x10z8	720
2026240	x10z9	8000
2026239	x1z0	0
2026239	x1z1	4.5
2026239	x2z0	0
2026239	x2z1	0
2026239	x2z2	19
2026239	x3z0	0
2026239	x3z1	0
2026239	x3z2	3
2026239	x3z3	52
2026239	x4z0	0
2026239	x4z1	0
2026239	x4z2	3
2026239	x4z3	5
2026239	x4z4	93
2026239	x5z0	0
2026239	x5z1	0
2026239	x5z2	0
2026239	x5z3	3
2026239	x5z4	20
2026239	x5z5	1000
2026239	x6z0	0
2026239	x6z1	0
2026239	x6z2	0
2026239	x6z3	3
2026239	x6z4	10
2026239	x6z5	30
2026239	x6z6	2880
2026239	x7z0	2
2026239	x7z1	0
2026239	x7z2	0
2026239	x7z3	0
2026239	x7z4	4
2026239	x7z5	30
2026239	x7z6	300
2026239	x7z7	8500
2026239	x8z0	2
2026239	x8z1	0
2026239	x8z2	0
2026239	x8z3	0
2026239	x8z4	3
2026239	x8z5	10
2026239	x8z6	80
2026239	x8z7	800
2026239	x8z8	50000
2026239	x9z0	2
2026239	x9z1	0
2026239	x9z2	0
2026239	x9z3	0
2026239	x9z4	3
2026239	x9z5	5
2026239	x9z6	22
2026239	x9z7	225
2026239	x9z8	2000
2026239	x10z0	2
2026239	x10z1	0
2026239	x10z2	0
2026239	x10z3	0
2026239	x10z4	0
2026239	x10z5	3
2026239	x10z6	5
2026239	x10z7	80
2026239	x10z8	720
2026239	x10z9	8000
2026238	x1z0	0
2026238	x1z1	4.5
2026238	x2z0	0
2026238	x2z1	0
2026238	x2z2	19
2026238	x3z0	0
2026238	x3z1	0
2026238	x3z2	3
2026238	x3z3	52
2026238	x4z0	0
2026238	x4z1	0
2026238	x4z2	3
2026238	x4z3	5
2026238	x4z4	93
2026238	x5z0	0
2026238	x5z1	0
2026238	x5z2	0
2026238	x5z3	3
2026238	x5z4	20
2026238	x5z5	1000
2026238	x6z0	0
2026238	x6z1	0
2026238	x6z2	0
2026238	x6z3	3
2026238	x6z4	10
2026238	x6z5	30
2026238	x6z6	2880
2026238	x7z0	2
2026238	x7z1	0
2026238	x7z2	0
2026238	x7z3	0
2026238	x7z4	4
2026238	x7z5	30
2026238	x7z6	300
2026238	x7z7	8500
2026238	x8z0	2
2026238	x8z1	0
2026238	x8z2	0
2026238	x8z3	0
2026238	x8z4	3
2026238	x8z5	10
2026238	x8z6	80
2026238	x8z7	800
2026238	x8z8	50000
2026238	x9z0	2
2026238	x9z1	0
2026238	x9z2	0
2026238	x9z3	0
2026238	x9z4	3
2026238	x9z5	5
2026238	x9z6	22
2026238	x9z7	225
2026238	x9z8	2000
2026238	x10z0	2
2026238	x10z1	0
2026238	x10z2	0
2026238	x10z3	0
2026238	x10z4	0
2026238	x10z5	3
2026238	x10z6	5
2026238	x10z7	80
2026238	x10z8	720
2026238	x10z9	8000
2026237	x1z0	0
2026237	x1z1	4.5
2026237	x2z0	0
2026237	x2z1	0
2026237	x2z2	19
2026237	x3z0	0
2026237	x3z1	0
2026237	x3z2	3
2026237	x3z3	52
2026237	x4z0	0
2026237	x4z1	0
2026237	x4z2	3
2026237	x4z3	5
2026237	x4z4	93
2026237	x5z0	0
2026237	x5z1	0
2026237	x5z2	0
2026237	x5z3	3
2026237	x5z4	20
2026237	x5z5	1000
2026237	x6z0	0
2026237	x6z1	0
2026237	x6z2	0
2026237	x6z3	3
2026237	x6z4	10
2026237	x6z5	30
2026237	x6z6	2880
2026237	x7z0	2
2026237	x7z1	0
2026237	x7z2	0
2026237	x7z3	0
2026237	x7z4	4
2026237	x7z5	30
2026237	x7z6	300
2026237	x7z7	8500
2026237	x8z0	2
2026237	x8z1	0
2026237	x8z2	0
2026237	x8z3	0
2026237	x8z4	3
2026237	x8z5	10
2026237	x8z6	80
2026237	x8z7	800
2026237	x8z8	50000
2026237	x9z0	2
2026237	x9z1	0
2026237	x9z2	0
2026237	x9z3	0
2026237	x9z4	3
2026237	x9z5	5
2026237	x9z6	22
2026237	x9z7	225
2026237	x9z8	2000
2026237	x10z0	2
2026237	x10z1	0
2026237	x10z2	0
2026237	x10z3	0
2026237	x10z4	0
2026237	x10z5	3
2026237	x10z6	5
2026237	x10z7	80
2026237	x10z8	720
2026237	x10z9	8000
2026236	x1z0	0
2026236	x1z1	4.5
2026236	x2z0	0
2026236	x2z1	0
2026236	x2z2	19
2026236	x3z0	0
2026236	x3z1	0
2026236	x3z2	3
2026236	x3z3	52
2026236	x4z0	0
2026236	x4z1	0
2026236	x4z2	3
2026236	x4z3	5
2026236	x4z4	93
2026236	x5z0	0
2026236	x5z1	0
2026236	x5z2	0
2026236	x5z3	3
2026236	x5z4	20
2026236	x5z5	1000
2026236	x6z0	0
2026236	x6z1	0
2026236	x6z2	0
2026236	x6z3	3
2026236	x6z4	10
2026236	x6z5	30
2026236	x6z6	2880
2026236	x7z0	2
2026236	x7z1	0
2026236	x7z2	0
2026236	x7z3	0
2026236	x7z4	4
2026236	x7z5	30
2026236	x7z6	300
2026236	x7z7	8500
2026236	x8z0	2
2026236	x8z1	0
2026236	x8z2	0
2026236	x8z3	0
2026236	x8z4	3
2026236	x8z5	10
2026236	x8z6	80
2026236	x8z7	800
2026236	x8z8	50000
2026236	x9z0	2
2026236	x9z1	0
2026236	x9z2	0
2026236	x9z3	0
2026236	x9z4	3
2026236	x9z5	5
2026236	x9z6	22
2026236	x9z7	225
2026236	x9z8	2000
2026236	x10z0	2
2026236	x10z1	0
2026236	x10z2	0
2026236	x10z3	0
2026236	x10z4	0
2026236	x10z5	3
2026236	x10z6	5
2026236	x10z7	80
2026236	x10z8	720
2026236	x10z9	8000
2026235	x1z0	0
2026235	x1z1	4.5
2026235	x2z0	0
2026235	x2z1	0
2026235	x2z2	19
2026235	x3z0	0
2026235	x3z1	0
2026235	x3z2	3
2026235	x3z3	52
2026235	x4z0	0
2026235	x4z1	0
2026235	x4z2	3
2026235	x4z3	5
2026235	x4z4	93
2026235	x5z0	0
2026235	x5z1	0
2026235	x5z2	0
2026235	x5z3	3
2026235	x5z4	20
2026235	x5z5	1000
2026235	x6z0	0
2026235	x6z1	0
2026235	x6z2	0
2026235	x6z3	3
2026235	x6z4	10
2026235	x6z5	30
2026235	x6z6	2880
2026235	x7z0	2
2026235	x7z1	0
2026235	x7z2	0
2026235	x7z3	0
2026235	x7z4	4
2026235	x7z5	30
2026235	x7z6	300
2026235	x7z7	8500
2026235	x8z0	2
2026235	x8z1	0
2026235	x8z2	0
2026235	x8z3	0
2026235	x8z4	3
2026235	x8z5	10
2026235	x8z6	80
2026235	x8z7	800
2026235	x8z8	50000
2026235	x9z0	2
2026235	x9z1	0
2026235	x9z2	0
2026235	x9z3	0
2026235	x9z4	3
2026235	x9z5	5
2026235	x9z6	22
2026235	x9z7	225
2026235	x9z8	2000
2026235	x10z0	2
2026235	x10z1	0
2026235	x10z2	0
2026235	x10z3	0
2026235	x10z4	0
2026235	x10z5	3
2026235	x10z6	5
2026235	x10z7	80
2026235	x10z8	720
2026235	x10z9	8000
2026234	x1z0	0
2026234	x1z1	4.5
2026234	x2z0	0
2026234	x2z1	0
2026234	x2z2	19
2026234	x3z0	0
2026234	x3z1	0
2026234	x3z2	3
2026234	x3z3	52
2026234	x4z0	0
2026234	x4z1	0
2026234	x4z2	3
2026234	x4z3	5
2026234	x4z4	93
2026234	x5z0	0
2026234	x5z1	0
2026234	x5z2	0
2026234	x5z3	3
2026234	x5z4	20
2026234	x5z5	1000
2026234	x6z0	0
2026234	x6z1	0
2026234	x6z2	0
2026234	x6z3	3
2026234	x6z4	10
2026234	x6z5	30
2026234	x6z6	2880
2026234	x7z0	2
2026234	x7z1	0
2026234	x7z2	0
2026234	x7z3	0
2026234	x7z4	4
2026234	x7z5	30
2026234	x7z6	300
2026234	x7z7	8500
2026234	x8z0	2
2026234	x8z1	0
2026234	x8z2	0
2026234	x8z3	0
2026234	x8z4	3
2026234	x8z5	10
2026234	x8z6	80
2026234	x8z7	800
2026234	x8z8	50000
2026234	x9z0	2
2026234	x9z1	0
2026234	x9z2	0
2026234	x9z3	0
2026234	x9z4	3
2026234	x9z5	5
2026234	x9z6	22
2026234	x9z7	225
2026234	x9z8	2000
2026234	x10z0	2
2026234	x10z1	0
2026234	x10z2	0
2026234	x10z3	0
2026234	x10z4	0
2026234	x10z5	3
2026234	x10z6	5
2026234	x10z7	80
2026234	x10z8	720
2026234	x10z9	8000
2026233	x1z0	0
2026233	x1z1	4.5
2026233	x2z0	0
2026233	x2z1	0
2026233	x2z2	19
2026233	x3z0	0
2026233	x3z1	0
2026233	x3z2	3
2026233	x3z3	52
2026233	x4z0	0
2026233	x4z1	0
2026233	x4z2	3
2026233	x4z3	5
2026233	x4z4	93
2026233	x5z0	0
2026233	x5z1	0
2026233	x5z2	0
2026233	x5z3	3
2026233	x5z4	20
2026233	x5z5	1000
2026233	x6z0	0
2026233	x6z1	0
2026233	x6z2	0
2026233	x6z3	3
2026233	x6z4	10
2026233	x6z5	30
2026233	x6z6	2880
2026233	x7z0	2
2026233	x7z1	0
2026233	x7z2	0
2026233	x7z3	0
2026233	x7z4	4
2026233	x7z5	30
2026233	x7z6	300
2026233	x7z7	8500
2026233	x8z0	2
2026233	x8z1	0
2026233	x8z2	0
2026233	x8z3	0
2026233	x8z4	3
2026233	x8z5	10
2026233	x8z6	80
2026233	x8z7	800
2026233	x8z8	50000
2026233	x9z0	2
2026233	x9z1	0
2026233	x9z2	0
2026233	x9z3	0
2026233	x9z4	3
2026233	x9z5	5
2026233	x9z6	22
2026233	x9z7	225
2026233	x9z8	2000
2026233	x10z0	2
2026233	x10z1	0
2026233	x10z2	0
2026233	x10z3	0
2026233	x10z4	0
2026233	x10z5	3
2026233	x10z6	5
2026233	x10z7	80
2026233	x10z8	720
2026233	x10z9	8000
2026232	x1z0	0
2026232	x1z1	4.5
2026232	x2z0	0
2026232	x2z1	0
2026232	x2z2	19
2026232	x3z0	0
2026232	x3z1	0
2026232	x3z2	3
2026232	x3z3	52
2026232	x4z0	0
2026232	x4z1	0
2026232	x4z2	3
2026232	x4z3	5
2026232	x4z4	93
2026232	x5z0	0
2026232	x5z1	0
2026232	x5z2	0
2026232	x5z3	3
2026232	x5z4	20
2026232	x5z5	1000
2026232	x6z0	0
2026232	x6z1	0
2026232	x6z2	0
2026232	x6z3	3
2026232	x6z4	10
2026232	x6z5	30
2026232	x6z6	2880
2026232	x7z0	2
2026232	x7z1	0
2026232	x7z2	0
2026232	x7z3	0
2026232	x7z4	4
2026232	x7z5	30
2026232	x7z6	300
2026232	x7z7	8500
2026232	x8z0	2
2026232	x8z1	0
2026232	x8z2	0
2026232	x8z3	0
2026232	x8z4	3
2026232	x8z5	10
2026232	x8z6	80
2026232	x8z7	800
2026232	x8z8	50000
2026232	x9z0	2
2026232	x9z1	0
2026232	x9z2	0
2026232	x9z3	0
2026232	x9z4	3
2026232	x9z5	5
2026232	x9z6	22
2026232	x9z7	225
2026232	x9z8	2000
2026232	x10z0	2
2026232	x10z1	0
2026232	x10z2	0
2026232	x10z3	0
2026232	x10z4	0
2026232	x10z5	3
2026232	x10z6	5
2026232	x10z7	80
2026232	x10z8	720
2026232	x10z9	8000
2026231	x1z0	0
2026231	x1z1	4.5
2026231	x2z0	0
2026231	x2z1	0
2026231	x2z2	19
2026231	x3z0	0
2026231	x3z1	0
2026231	x3z2	3
2026231	x3z3	52
2026231	x4z0	0
2026231	x4z1	0
2026231	x4z2	3
2026231	x4z3	5
2026231	x4z4	93
2026231	x5z0	0
2026231	x5z1	0
2026231	x5z2	0
2026231	x5z3	3
2026231	x5z4	20
2026231	x5z5	1000
2026231	x6z0	0
2026231	x6z1	0
2026231	x6z2	0
2026231	x6z3	3
2026231	x6z4	10
2026231	x6z5	30
2026231	x6z6	2880
2026231	x7z0	2
2026231	x7z1	0
2026231	x7z2	0
2026231	x7z3	0
2026231	x7z4	4
2026231	x7z5	30
2026231	x7z6	300
2026231	x7z7	8500
2026231	x8z0	2
2026231	x8z1	0
2026231	x8z2	0
2026231	x8z3	0
2026231	x8z4	3
2026231	x8z5	10
2026231	x8z6	80
2026231	x8z7	800
2026231	x8z8	50000
2026231	x9z0	2
2026231	x9z1	0
2026231	x9z2	0
2026231	x9z3	0
2026231	x9z4	3
2026231	x9z5	5
2026231	x9z6	22
2026231	x9z7	225
2026231	x9z8	2000
2026231	x10z0	2
2026231	x10z1	0
2026231	x10z2	0
2026231	x10z3	0
2026231	x10z4	0
2026231	x10z5	3
2026231	x10z6	5
2026231	x10z7	80
2026231	x10z8	720
2026231	x10z9	8000
2026230	x1z0	0
2026230	x1z1	4.5
2026230	x2z0	0
2026230	x2z1	0
2026230	x2z2	19
2026230	x3z0	0
2026230	x3z1	0
2026230	x3z2	3
2026230	x3z3	52
2026230	x4z0	0
2026230	x4z1	0
2026230	x4z2	3
2026230	x4z3	5
2026230	x4z4	93
2026230	x5z0	0
2026230	x5z1	0
2026230	x5z2	0
2026230	x5z3	3
2026230	x5z4	20
2026230	x5z5	1000
2026230	x6z0	0
2026230	x6z1	0
2026230	x6z2	0
2026230	x6z3	3
2026230	x6z4	10
2026230	x6z5	30
2026230	x6z6	2880
2026230	x7z0	2
2026230	x7z1	0
2026230	x7z2	0
2026230	x7z3	0
2026230	x7z4	4
2026230	x7z5	30
2026230	x7z6	300
2026230	x7z7	8500
2026230	x8z0	2
2026230	x8z1	0
2026230	x8z2	0
2026230	x8z3	0
2026230	x8z4	3
2026230	x8z5	10
2026230	x8z6	80
2026230	x8z7	800
2026230	x8z8	50000
2026230	x9z0	2
2026230	x9z1	0
2026230	x9z2	0
2026230	x9z3	0
2026230	x9z4	3
2026230	x9z5	5
2026230	x9z6	22
2026230	x9z7	225
2026230	x9z8	2000
2026230	x10z0	2
2026230	x10z1	0
2026230	x10z2	0
2026230	x10z3	0
2026230	x10z4	0
2026230	x10z5	3
2026230	x10z6	5
2026230	x10z7	80
2026230	x10z8	720
2026230	x10z9	8000
2026229	x1z0	0
2026229	x1z1	4.5
2026229	x2z0	0
2026229	x2z1	0
2026229	x2z2	19
2026229	x3z0	0
2026229	x3z1	0
2026229	x3z2	3
2026229	x3z3	52
2026229	x4z0	0
2026229	x4z1	0
2026229	x4z2	3
2026229	x4z3	5
2026229	x4z4	93
2026229	x5z0	0
2026229	x5z1	0
2026229	x5z2	0
2026229	x5z3	3
2026229	x5z4	20
2026229	x5z5	1000
2026229	x6z0	0
2026229	x6z1	0
2026229	x6z2	0
2026229	x6z3	3
2026229	x6z4	10
2026229	x6z5	30
2026229	x6z6	2880
2026229	x7z0	2
2026229	x7z1	0
2026229	x7z2	0
2026229	x7z3	0
2026229	x7z4	4
2026229	x7z5	30
2026229	x7z6	300
2026229	x7z7	8500
2026229	x8z0	2
2026229	x8z1	0
2026229	x8z2	0
2026229	x8z3	0
2026229	x8z4	3
2026229	x8z5	10
2026229	x8z6	80
2026229	x8z7	800
2026229	x8z8	50000
2026229	x9z0	2
2026229	x9z1	0
2026229	x9z2	0
2026229	x9z3	0
2026229	x9z4	3
2026229	x9z5	5
2026229	x9z6	22
2026229	x9z7	225
2026229	x9z8	2000
2026229	x10z0	2
2026229	x10z1	0
2026229	x10z2	0
2026229	x10z3	0
2026229	x10z4	0
2026229	x10z5	3
2026229	x10z6	5
2026229	x10z7	80
2026229	x10z8	720
2026229	x10z9	8000
2026228	x1z0	0
2026228	x1z1	4.5
2026228	x2z0	0
2026228	x2z1	0
2026228	x2z2	19
2026228	x3z0	0
2026228	x3z1	0
2026228	x3z2	3
2026228	x3z3	52
2026228	x4z0	0
2026228	x4z1	0
2026228	x4z2	3
2026228	x4z3	5
2026228	x4z4	93
2026228	x5z0	0
2026228	x5z1	0
2026228	x5z2	0
2026228	x5z3	3
2026228	x5z4	20
2026228	x5z5	1000
2026228	x6z0	0
2026228	x6z1	0
2026228	x6z2	0
2026228	x6z3	3
2026228	x6z4	10
2026228	x6z5	30
2026228	x6z6	2880
2026228	x7z0	2
2026228	x7z1	0
2026228	x7z2	0
2026228	x7z3	0
2026228	x7z4	4
2026228	x7z5	30
2026228	x7z6	300
2026228	x7z7	8500
2026228	x8z0	2
2026228	x8z1	0
2026228	x8z2	0
2026228	x8z3	0
2026228	x8z4	3
2026228	x8z5	10
2026228	x8z6	80
2026228	x8z7	800
2026228	x8z8	50000
2026228	x9z0	2
2026228	x9z1	0
2026228	x9z2	0
2026228	x9z3	0
2026228	x9z4	3
2026228	x9z5	5
2026228	x9z6	22
2026228	x9z7	225
2026228	x9z8	2000
2026228	x10z0	2
2026228	x10z1	0
2026228	x10z2	0
2026228	x10z3	0
2026228	x10z4	0
2026228	x10z5	3
2026228	x10z6	5
2026228	x10z7	80
2026228	x10z8	720
2026228	x10z9	8000
2026227	x1z0	0
2026227	x1z1	4.5
2026227	x2z0	0
2026227	x2z1	0
2026227	x2z2	19
2026227	x3z0	0
2026227	x3z1	0
2026227	x3z2	3
2026227	x3z3	52
2026227	x4z0	0
2026227	x4z1	0
2026227	x4z2	3
2026227	x4z3	5
2026227	x4z4	93
2026227	x5z0	0
2026227	x5z1	0
2026227	x5z2	0
2026227	x5z3	3
2026227	x5z4	20
2026227	x5z5	1000
2026227	x6z0	0
2026227	x6z1	0
2026227	x6z2	0
2026227	x6z3	3
2026227	x6z4	10
2026227	x6z5	30
2026227	x6z6	2880
2026227	x7z0	2
2026227	x7z1	0
2026227	x7z2	0
2026227	x7z3	0
2026227	x7z4	4
2026227	x7z5	30
2026227	x7z6	300
2026227	x7z7	8500
2026227	x8z0	2
2026227	x8z1	0
2026227	x8z2	0
2026227	x8z3	0
2026227	x8z4	3
2026227	x8z5	10
2026227	x8z6	80
2026227	x8z7	800
2026227	x8z8	50000
2026227	x9z0	2
2026227	x9z1	0
2026227	x9z2	0
2026227	x9z3	0
2026227	x9z4	3
2026227	x9z5	5
2026227	x9z6	22
2026227	x9z7	225
2026227	x9z8	2000
2026227	x10z0	2
2026227	x10z1	0
2026227	x10z2	0
2026227	x10z3	0
2026227	x10z4	0
2026227	x10z5	3
2026227	x10z6	5
2026227	x10z7	80
2026227	x10z8	720
2026227	x10z9	8000
2026226	x1z0	0
2026226	x1z1	4.5
2026226	x2z0	0
2026226	x2z1	0
2026226	x2z2	19
2026226	x3z0	0
2026226	x3z1	0
2026226	x3z2	3
2026226	x3z3	52
2026226	x4z0	0
2026226	x4z1	0
2026226	x4z2	3
2026226	x4z3	5
2026226	x4z4	93
2026226	x5z0	0
2026226	x5z1	0
2026226	x5z2	0
2026226	x5z3	3
2026226	x5z4	20
2026226	x5z5	1000
2026226	x6z0	0
2026226	x6z1	0
2026226	x6z2	0
2026226	x6z3	3
2026226	x6z4	10
2026226	x6z5	30
2026226	x6z6	2880
2026226	x7z0	2
2026226	x7z1	0
2026226	x7z2	0
2026226	x7z3	0
2026226	x7z4	4
2026226	x7z5	30
2026226	x7z6	300
2026226	x7z7	8500
2026226	x8z0	2
2026226	x8z1	0
2026226	x8z2	0
2026226	x8z3	0
2026226	x8z4	3
2026226	x8z5	10
2026226	x8z6	80
2026226	x8z7	800
2026226	x8z8	50000
2026226	x9z0	2
2026226	x9z1	0
2026226	x9z2	0
2026226	x9z3	0
2026226	x9z4	3
2026226	x9z5	5
2026226	x9z6	22
2026226	x9z7	225
2026226	x9z8	2000
2026226	x10z0	2
2026226	x10z1	0
2026226	x10z2	0
2026226	x10z3	0
2026226	x10z4	0
2026226	x10z5	3
2026226	x10z6	5
2026226	x10z7	80
2026226	x10z8	720
2026226	x10z9	8000
2026225	x1z0	0
2026225	x1z1	4.5
2026225	x2z0	0
2026225	x2z1	0
2026225	x2z2	19
2026225	x3z0	0
2026225	x3z1	0
2026225	x3z2	3
2026225	x3z3	52
2026225	x4z0	0
2026225	x4z1	0
2026225	x4z2	3
2026225	x4z3	5
2026225	x4z4	93
2026225	x5z0	0
2026225	x5z1	0
2026225	x5z2	0
2026225	x5z3	3
2026225	x5z4	20
2026225	x5z5	1000
2026225	x6z0	0
2026225	x6z1	0
2026225	x6z2	0
2026225	x6z3	3
2026225	x6z4	10
2026225	x6z5	30
2026225	x6z6	2880
2026225	x7z0	2
2026225	x7z1	0
2026225	x7z2	0
2026225	x7z3	0
2026225	x7z4	4
2026225	x7z5	30
2026225	x7z6	300
2026225	x7z7	8500
2026225	x8z0	2
2026225	x8z1	0
2026225	x8z2	0
2026225	x8z3	0
2026225	x8z4	3
2026225	x8z5	10
2026225	x8z6	80
2026225	x8z7	800
2026225	x8z8	50000
2026225	x9z0	2
2026225	x9z1	0
2026225	x9z2	0
2026225	x9z3	0
2026225	x9z4	3
2026225	x9z5	5
2026225	x9z6	22
2026225	x9z7	225
2026225	x9z8	2000
2026225	x10z0	2
2026225	x10z1	0
2026225	x10z2	0
2026225	x10z3	0
2026225	x10z4	0
2026225	x10z5	3
2026225	x10z6	5
2026225	x10z7	80
2026225	x10z8	720
2026225	x10z9	8000
2026224	x1z0	0
2026224	x1z1	4.5
2026224	x2z0	0
2026224	x2z1	0
2026224	x2z2	19
2026224	x3z0	0
2026224	x3z1	0
2026224	x3z2	3
2026224	x3z3	52
2026224	x4z0	0
2026224	x4z1	0
2026224	x4z2	3
2026224	x4z3	5
2026224	x4z4	93
2026224	x5z0	0
2026224	x5z1	0
2026224	x5z2	0
2026224	x5z3	3
2026224	x5z4	20
2026224	x5z5	1000
2026224	x6z0	0
2026224	x6z1	0
2026224	x6z2	0
2026224	x6z3	3
2026224	x6z4	10
2026224	x6z5	30
2026224	x6z6	2880
2026224	x7z0	2
2026224	x7z1	0
2026224	x7z2	0
2026224	x7z3	0
2026224	x7z4	4
2026224	x7z5	30
2026224	x7z6	300
2026224	x7z7	8500
2026224	x8z0	2
2026224	x8z1	0
2026224	x8z2	0
2026224	x8z3	0
2026224	x8z4	3
2026224	x8z5	10
2026224	x8z6	80
2026224	x8z7	800
2026224	x8z8	50000
2026224	x9z0	2
2026224	x9z1	0
2026224	x9z2	0
2026224	x9z3	0
2026224	x9z4	3
2026224	x9z5	5
2026224	x9z6	22
2026224	x9z7	225
2026224	x9z8	2000
2026224	x10z0	2
2026224	x10z1	0
2026224	x10z2	0
2026224	x10z3	0
2026224	x10z4	0
2026224	x10z5	3
2026224	x10z6	5
2026224	x10z7	80
2026224	x10z8	720
2026224	x10z9	8000
2026223	x1z0	0
2026223	x1z1	4.5
2026223	x2z0	0
2026223	x2z1	0
2026223	x2z2	19
2026223	x3z0	0
2026223	x3z1	0
2026223	x3z2	3
2026223	x3z3	52
2026223	x4z0	0
2026223	x4z1	0
2026223	x4z2	3
2026223	x4z3	5
2026223	x4z4	93
2026223	x5z0	0
2026223	x5z1	0
2026223	x5z2	0
2026223	x5z3	3
2026223	x5z4	20
2026223	x5z5	1000
2026223	x6z0	0
2026223	x6z1	0
2026223	x6z2	0
2026223	x6z3	3
2026223	x6z4	10
2026223	x6z5	30
2026223	x6z6	2880
2026223	x7z0	2
2026223	x7z1	0
2026223	x7z2	0
2026223	x7z3	0
2026223	x7z4	4
2026223	x7z5	30
2026223	x7z6	300
2026223	x7z7	8500
2026223	x8z0	2
2026223	x8z1	0
2026223	x8z2	0
2026223	x8z3	0
2026223	x8z4	3
2026223	x8z5	10
2026223	x8z6	80
2026223	x8z7	800
2026223	x8z8	50000
2026223	x9z0	2
2026223	x9z1	0
2026223	x9z2	0
2026223	x9z3	0
2026223	x9z4	3
2026223	x9z5	5
2026223	x9z6	22
2026223	x9z7	225
2026223	x9z8	2000
2026223	x10z0	2
2026223	x10z1	0
2026223	x10z2	0
2026223	x10z3	0
2026223	x10z4	0
2026223	x10z5	3
2026223	x10z6	5
2026223	x10z7	80
2026223	x10z8	720
2026223	x10z9	8000
2026222	x1z0	0
2026222	x1z1	4.5
2026222	x2z0	0
2026222	x2z1	0
2026222	x2z2	19
2026222	x3z0	0
2026222	x3z1	0
2026222	x3z2	3
2026222	x3z3	52
2026222	x4z0	0
2026222	x4z1	0
2026222	x4z2	3
2026222	x4z3	5
2026222	x4z4	93
2026222	x5z0	0
2026222	x5z1	0
2026222	x5z2	0
2026222	x5z3	3
2026222	x5z4	20
2026222	x5z5	1000
2026222	x6z0	0
2026222	x6z1	0
2026222	x6z2	0
2026222	x6z3	3
2026222	x6z4	10
2026222	x6z5	30
2026222	x6z6	2880
2026222	x7z0	2
2026222	x7z1	0
2026222	x7z2	0
2026222	x7z3	0
2026222	x7z4	4
2026222	x7z5	30
2026222	x7z6	300
2026222	x7z7	8500
2026222	x8z0	2
2026222	x8z1	0
2026222	x8z2	0
2026222	x8z3	0
2026222	x8z4	3
2026222	x8z5	10
2026222	x8z6	80
2026222	x8z7	800
2026222	x8z8	50000
2026222	x9z0	2
2026222	x9z1	0
2026222	x9z2	0
2026222	x9z3	0
2026222	x9z4	3
2026222	x9z5	5
2026222	x9z6	22
2026222	x9z7	225
2026222	x9z8	2000
2026222	x10z0	2
2026222	x10z1	0
2026222	x10z2	0
2026222	x10z3	0
2026222	x10z4	0
2026222	x10z5	3
2026222	x10z6	5
2026222	x10z7	80
2026222	x10z8	720
2026222	x10z9	8000
2026221	x1z0	0
2026221	x1z1	4.5
2026221	x2z0	0
2026221	x2z1	0
2026221	x2z2	19
2026221	x3z0	0
2026221	x3z1	0
2026221	x3z2	3
2026221	x3z3	52
2026221	x4z0	0
2026221	x4z1	0
2026221	x4z2	3
2026221	x4z3	5
2026221	x4z4	93
2026221	x5z0	0
2026221	x5z1	0
2026221	x5z2	0
2026221	x5z3	3
2026221	x5z4	20
2026221	x5z5	1000
2026221	x6z0	0
2026221	x6z1	0
2026221	x6z2	0
2026221	x6z3	3
2026221	x6z4	10
2026221	x6z5	30
2026221	x6z6	2880
2026221	x7z0	2
2026221	x7z1	0
2026221	x7z2	0
2026221	x7z3	0
2026221	x7z4	4
2026221	x7z5	30
2026221	x7z6	300
2026221	x7z7	8500
2026221	x8z0	2
2026221	x8z1	0
2026221	x8z2	0
2026221	x8z3	0
2026221	x8z4	3
2026221	x8z5	10
2026221	x8z6	80
2026221	x8z7	800
2026221	x8z8	50000
2026221	x9z0	2
2026221	x9z1	0
2026221	x9z2	0
2026221	x9z3	0
2026221	x9z4	3
2026221	x9z5	5
2026221	x9z6	22
2026221	x9z7	225
2026221	x9z8	2000
2026221	x10z0	2
2026221	x10z1	0
2026221	x10z2	0
2026221	x10z3	0
2026221	x10z4	0
2026221	x10z5	3
2026221	x10z6	5
2026221	x10z7	80
2026221	x10z8	720
2026221	x10z9	8000
2026220	x1z0	0
2026220	x1z1	4.5
2026220	x2z0	0
2026220	x2z1	0
2026220	x2z2	19
2026220	x3z0	0
2026220	x3z1	0
2026220	x3z2	3
2026220	x3z3	52
2026220	x4z0	0
2026220	x4z1	0
2026220	x4z2	3
2026220	x4z3	5
2026220	x4z4	93
2026220	x5z0	0
2026220	x5z1	0
2026220	x5z2	0
2026220	x5z3	3
2026220	x5z4	20
2026220	x5z5	1000
2026220	x6z0	0
2026220	x6z1	0
2026220	x6z2	0
2026220	x6z3	3
2026220	x6z4	10
2026220	x6z5	30
2026220	x6z6	2880
2026220	x7z0	2
2026220	x7z1	0
2026220	x7z2	0
2026220	x7z3	0
2026220	x7z4	4
2026220	x7z5	30
2026220	x7z6	300
2026220	x7z7	8500
2026220	x8z0	2
2026220	x8z1	0
2026220	x8z2	0
2026220	x8z3	0
2026220	x8z4	3
2026220	x8z5	10
2026220	x8z6	80
2026220	x8z7	800
2026220	x8z8	50000
2026220	x9z0	2
2026220	x9z1	0
2026220	x9z2	0
2026220	x9z3	0
2026220	x9z4	3
2026220	x9z5	5
2026220	x9z6	22
2026220	x9z7	225
2026220	x9z8	2000
2026220	x10z0	2
2026220	x10z1	0
2026220	x10z2	0
2026220	x10z3	0
2026220	x10z4	0
2026220	x10z5	3
2026220	x10z6	5
2026220	x10z7	80
2026220	x10z8	720
2026220	x10z9	8000
2026219	x1z0	0
2026219	x1z1	4.5
2026219	x2z0	0
2026219	x2z1	0
2026219	x2z2	19
2026219	x3z0	0
2026219	x3z1	0
2026219	x3z2	3
2026219	x3z3	52
2026219	x4z0	0
2026219	x4z1	0
2026219	x4z2	3
2026219	x4z3	5
2026219	x4z4	93
2026219	x5z0	0
2026219	x5z1	0
2026219	x5z2	0
2026219	x5z3	3
2026219	x5z4	20
2026219	x5z5	1000
2026219	x6z0	0
2026219	x6z1	0
2026219	x6z2	0
2026219	x6z3	3
2026219	x6z4	10
2026219	x6z5	30
2026219	x6z6	2880
2026219	x7z0	2
2026219	x7z1	0
2026219	x7z2	0
2026219	x7z3	0
2026219	x7z4	4
2026219	x7z5	30
2026219	x7z6	300
2026219	x7z7	8500
2026219	x8z0	2
2026219	x8z1	0
2026219	x8z2	0
2026219	x8z3	0
2026219	x8z4	3
2026219	x8z5	10
2026219	x8z6	80
2026219	x8z7	800
2026219	x8z8	50000
2026219	x9z0	2
2026219	x9z1	0
2026219	x9z2	0
2026219	x9z3	0
2026219	x9z4	3
2026219	x9z5	5
2026219	x9z6	22
2026219	x9z7	225
2026219	x9z8	2000
2026219	x10z0	2
2026219	x10z1	0
2026219	x10z2	0
2026219	x10z3	0
2026219	x10z4	0
2026219	x10z5	3
2026219	x10z6	5
2026219	x10z7	80
2026219	x10z8	720
2026219	x10z9	8000
2026218	x1z0	0
2026218	x1z1	4.5
2026218	x2z0	0
2026218	x2z1	0
2026218	x2z2	19
2026218	x3z0	0
2026218	x3z1	0
2026218	x3z2	3
2026218	x3z3	52
2026218	x4z0	0
2026218	x4z1	0
2026218	x4z2	3
2026218	x4z3	5
2026218	x4z4	93
2026218	x5z0	0
2026218	x5z1	0
2026218	x5z2	0
2026218	x5z3	3
2026218	x5z4	20
2026218	x5z5	1000
2026218	x6z0	0
2026218	x6z1	0
2026218	x6z2	0
2026218	x6z3	3
2026218	x6z4	10
2026218	x6z5	30
2026218	x6z6	2880
2026218	x7z0	2
2026218	x7z1	0
2026218	x7z2	0
2026218	x7z3	0
2026218	x7z4	4
2026218	x7z5	30
2026218	x7z6	300
2026218	x7z7	8500
2026218	x8z0	2
2026218	x8z1	0
2026218	x8z2	0
2026218	x8z3	0
2026218	x8z4	3
2026218	x8z5	10
2026218	x8z6	80
2026218	x8z7	800
2026218	x8z8	50000
2026218	x9z0	2
2026218	x9z1	0
2026218	x9z2	0
2026218	x9z3	0
2026218	x9z4	3
2026218	x9z5	5
2026218	x9z6	22
2026218	x9z7	225
2026218	x9z8	2000
2026218	x10z0	2
2026218	x10z1	0
2026218	x10z2	0
2026218	x10z3	0
2026218	x10z4	0
2026218	x10z5	3
2026218	x10z6	5
2026218	x10z7	80
2026218	x10z8	720
2026218	x10z9	8000
2026217	x1z0	0
2026217	x1z1	4.5
2026217	x2z0	0
2026217	x2z1	0
2026217	x2z2	19
2026217	x3z0	0
2026217	x3z1	0
2026217	x3z2	3
2026217	x3z3	52
2026217	x4z0	0
2026217	x4z1	0
2026217	x4z2	3
2026217	x4z3	5
2026217	x4z4	93
2026217	x5z0	0
2026217	x5z1	0
2026217	x5z2	0
2026217	x5z3	3
2026217	x5z4	20
2026217	x5z5	1000
2026217	x6z0	0
2026217	x6z1	0
2026217	x6z2	0
2026217	x6z3	3
2026217	x6z4	10
2026217	x6z5	30
2026217	x6z6	2880
2026217	x7z0	2
2026217	x7z1	0
2026217	x7z2	0
2026217	x7z3	0
2026217	x7z4	4
2026217	x7z5	30
2026217	x7z6	300
2026217	x7z7	8500
2026217	x8z0	2
2026217	x8z1	0
2026217	x8z2	0
2026217	x8z3	0
2026217	x8z4	3
2026217	x8z5	10
2026217	x8z6	80
2026217	x8z7	800
2026217	x8z8	50000
2026217	x9z0	2
2026217	x9z1	0
2026217	x9z2	0
2026217	x9z3	0
2026217	x9z4	3
2026217	x9z5	5
2026217	x9z6	22
2026217	x9z7	225
2026217	x9z8	2000
2026217	x10z0	2
2026217	x10z1	0
2026217	x10z2	0
2026217	x10z3	0
2026217	x10z4	0
2026217	x10z5	3
2026217	x10z6	5
2026217	x10z7	80
2026217	x10z8	720
2026217	x10z9	8000
2026216	x1z0	0
2026216	x1z1	4.5
2026216	x2z0	0
2026216	x2z1	0
2026216	x2z2	19
2026216	x3z0	0
2026216	x3z1	0
2026216	x3z2	3
2026216	x3z3	52
2026216	x4z0	0
2026216	x4z1	0
2026216	x4z2	3
2026216	x4z3	5
2026216	x4z4	93
2026216	x5z0	0
2026216	x5z1	0
2026216	x5z2	0
2026216	x5z3	3
2026216	x5z4	20
2026216	x5z5	1000
2026216	x6z0	0
2026216	x6z1	0
2026216	x6z2	0
2026216	x6z3	3
2026216	x6z4	10
2026216	x6z5	30
2026216	x6z6	2880
2026216	x7z0	2
2026216	x7z1	0
2026216	x7z2	0
2026216	x7z3	0
2026216	x7z4	4
2026216	x7z5	30
2026216	x7z6	300
2026216	x7z7	8500
2026216	x8z0	2
2026216	x8z1	0
2026216	x8z2	0
2026216	x8z3	0
2026216	x8z4	3
2026216	x8z5	10
2026216	x8z6	80
2026216	x8z7	800
2026216	x8z8	50000
2026216	x9z0	2
2026216	x9z1	0
2026216	x9z2	0
2026216	x9z3	0
2026216	x9z4	3
2026216	x9z5	5
2026216	x9z6	22
2026216	x9z7	225
2026216	x9z8	2000
2026216	x10z0	2
2026216	x10z1	0
2026216	x10z2	0
2026216	x10z3	0
2026216	x10z4	0
2026216	x10z5	3
2026216	x10z6	5
2026216	x10z7	80
2026216	x10z8	720
2026216	x10z9	8000
2026215	x1z0	0
2026215	x1z1	4.5
2026215	x2z0	0
2026215	x2z1	0
2026215	x2z2	19
2026215	x3z0	0
2026215	x3z1	0
2026215	x3z2	3
2026215	x3z3	52
2026215	x4z0	0
2026215	x4z1	0
2026215	x4z2	3
2026215	x4z3	5
2026215	x4z4	93
2026215	x5z0	0
2026215	x5z1	0
2026215	x5z2	0
2026215	x5z3	3
2026215	x5z4	20
2026215	x5z5	1000
2026215	x6z0	0
2026215	x6z1	0
2026215	x6z2	0
2026215	x6z3	3
2026215	x6z4	10
2026215	x6z5	30
2026215	x6z6	2880
2026215	x7z0	2
2026215	x7z1	0
2026215	x7z2	0
2026215	x7z3	0
2026215	x7z4	4
2026215	x7z5	30
2026215	x7z6	300
2026215	x7z7	8500
2026215	x8z0	2
2026215	x8z1	0
2026215	x8z2	0
2026215	x8z3	0
2026215	x8z4	3
2026215	x8z5	10
2026215	x8z6	80
2026215	x8z7	800
2026215	x8z8	50000
2026215	x9z0	2
2026215	x9z1	0
2026215	x9z2	0
2026215	x9z3	0
2026215	x9z4	3
2026215	x9z5	5
2026215	x9z6	22
2026215	x9z7	225
2026215	x9z8	2000
2026215	x10z0	2
2026215	x10z1	0
2026215	x10z2	0
2026215	x10z3	0
2026215	x10z4	0
2026215	x10z5	3
2026215	x10z6	5
2026215	x10z7	80
2026215	x10z8	720
2026215	x10z9	8000
2026214	x1z0	0
2026214	x1z1	4.5
2026214	x2z0	0
2026214	x2z1	0
2026214	x2z2	19
2026214	x3z0	0
2026214	x3z1	0
2026214	x3z2	3
2026214	x3z3	52
2026214	x4z0	0
2026214	x4z1	0
2026214	x4z2	3
2026214	x4z3	5
2026214	x4z4	93
2026214	x5z0	0
2026214	x5z1	0
2026214	x5z2	0
2026214	x5z3	3
2026214	x5z4	20
2026214	x5z5	1000
2026214	x6z0	0
2026214	x6z1	0
2026214	x6z2	0
2026214	x6z3	3
2026214	x6z4	10
2026214	x6z5	30
2026214	x6z6	2880
2026214	x7z0	2
2026214	x7z1	0
2026214	x7z2	0
2026214	x7z3	0
2026214	x7z4	4
2026214	x7z5	30
2026214	x7z6	300
2026214	x7z7	8500
2026214	x8z0	2
2026214	x8z1	0
2026214	x8z2	0
2026214	x8z3	0
2026214	x8z4	3
2026214	x8z5	10
2026214	x8z6	80
2026214	x8z7	800
2026214	x8z8	50000
2026214	x9z0	2
2026214	x9z1	0
2026214	x9z2	0
2026214	x9z3	0
2026214	x9z4	3
2026214	x9z5	5
2026214	x9z6	22
2026214	x9z7	225
2026214	x9z8	2000
2026214	x10z0	2
2026214	x10z1	0
2026214	x10z2	0
2026214	x10z3	0
2026214	x10z4	0
2026214	x10z5	3
2026214	x10z6	5
2026214	x10z7	80
2026214	x10z8	720
2026214	x10z9	8000
2026213	x1z0	0
2026213	x1z1	4.5
2026213	x2z0	0
2026213	x2z1	0
2026213	x2z2	19
2026213	x3z0	0
2026213	x3z1	0
2026213	x3z2	3
2026213	x3z3	52
2026213	x4z0	0
2026213	x4z1	0
2026213	x4z2	3
2026213	x4z3	5
2026213	x4z4	93
2026213	x5z0	0
2026213	x5z1	0
2026213	x5z2	0
2026213	x5z3	3
2026213	x5z4	20
2026213	x5z5	1000
2026213	x6z0	0
2026213	x6z1	0
2026213	x6z2	0
2026213	x6z3	3
2026213	x6z4	10
2026213	x6z5	30
2026213	x6z6	2880
2026213	x7z0	2
2026213	x7z1	0
2026213	x7z2	0
2026213	x7z3	0
2026213	x7z4	4
2026213	x7z5	30
2026213	x7z6	300
2026213	x7z7	8500
2026213	x8z0	2
2026213	x8z1	0
2026213	x8z2	0
2026213	x8z3	0
2026213	x8z4	3
2026213	x8z5	10
2026213	x8z6	80
2026213	x8z7	800
2026213	x8z8	50000
2026213	x9z0	2
2026213	x9z1	0
2026213	x9z2	0
2026213	x9z3	0
2026213	x9z4	3
2026213	x9z5	5
2026213	x9z6	22
2026213	x9z7	225
2026213	x9z8	2000
2026213	x10z0	2
2026213	x10z1	0
2026213	x10z2	0
2026213	x10z3	0
2026213	x10z4	0
2026213	x10z5	3
2026213	x10z6	5
2026213	x10z7	80
2026213	x10z8	720
2026213	x10z9	8000
2026212	x1z0	0
2026212	x1z1	4.5
2026212	x2z0	0
2026212	x2z1	0
2026212	x2z2	19
2026212	x3z0	0
2026212	x3z1	0
2026212	x3z2	3
2026212	x3z3	52
2026212	x4z0	0
2026212	x4z1	0
2026212	x4z2	3
2026212	x4z3	5
2026212	x4z4	93
2026212	x5z0	0
2026212	x5z1	0
2026212	x5z2	0
2026212	x5z3	3
2026212	x5z4	20
2026212	x5z5	1000
2026212	x6z0	0
2026212	x6z1	0
2026212	x6z2	0
2026212	x6z3	3
2026212	x6z4	10
2026212	x6z5	30
2026212	x6z6	2880
2026212	x7z0	2
2026212	x7z1	0
2026212	x7z2	0
2026212	x7z3	0
2026212	x7z4	4
2026212	x7z5	30
2026212	x7z6	300
2026212	x7z7	8500
2026212	x8z0	2
2026212	x8z1	0
2026212	x8z2	0
2026212	x8z3	0
2026212	x8z4	3
2026212	x8z5	10
2026212	x8z6	80
2026212	x8z7	800
2026212	x8z8	50000
2026212	x9z0	2
2026212	x9z1	0
2026212	x9z2	0
2026212	x9z3	0
2026212	x9z4	3
2026212	x9z5	5
2026212	x9z6	22
2026212	x9z7	225
2026212	x9z8	2000
2026212	x10z0	2
2026212	x10z1	0
2026212	x10z2	0
2026212	x10z3	0
2026212	x10z4	0
2026212	x10z5	3
2026212	x10z6	5
2026212	x10z7	80
2026212	x10z8	720
2026212	x10z9	8000
2026211	x1z0	0
2026211	x1z1	4.5
2026211	x2z0	0
2026211	x2z1	0
2026211	x2z2	19
2026211	x3z0	0
2026211	x3z1	0
2026211	x3z2	3
2026211	x3z3	52
2026211	x4z0	0
2026211	x4z1	0
2026211	x4z2	3
2026211	x4z3	5
2026211	x4z4	93
2026211	x5z0	0
2026211	x5z1	0
2026211	x5z2	0
2026211	x5z3	3
2026211	x5z4	20
2026211	x5z5	1000
2026211	x6z0	0
2026211	x6z1	0
2026211	x6z2	0
2026211	x6z3	3
2026211	x6z4	10
2026211	x6z5	30
2026211	x6z6	2880
2026211	x7z0	2
2026211	x7z1	0
2026211	x7z2	0
2026211	x7z3	0
2026211	x7z4	4
2026211	x7z5	30
2026211	x7z6	300
2026211	x7z7	8500
2026211	x8z0	2
2026211	x8z1	0
2026211	x8z2	0
2026211	x8z3	0
2026211	x8z4	3
2026211	x8z5	10
2026211	x8z6	80
2026211	x8z7	800
2026211	x8z8	50000
2026211	x9z0	2
2026211	x9z1	0
2026211	x9z2	0
2026211	x9z3	0
2026211	x9z4	3
2026211	x9z5	5
2026211	x9z6	22
2026211	x9z7	225
2026211	x9z8	2000
2026211	x10z0	2
2026211	x10z1	0
2026211	x10z2	0
2026211	x10z3	0
2026211	x10z4	0
2026211	x10z5	3
2026211	x10z6	5
2026211	x10z7	80
2026211	x10z8	720
2026211	x10z9	8000
2026210	x1z0	0
2026210	x1z1	4.5
2026210	x2z0	0
2026210	x2z1	0
2026210	x2z2	19
2026210	x3z0	0
2026210	x3z1	0
2026210	x3z2	3
2026210	x3z3	52
2026210	x4z0	0
2026210	x4z1	0
2026210	x4z2	3
2026210	x4z3	5
2026210	x4z4	93
2026210	x5z0	0
2026210	x5z1	0
2026210	x5z2	0
2026210	x5z3	3
2026210	x5z4	20
2026210	x5z5	1000
2026210	x6z0	0
2026210	x6z1	0
2026210	x6z2	0
2026210	x6z3	3
2026210	x6z4	10
2026210	x6z5	30
2026210	x6z6	2880
2026210	x7z0	2
2026210	x7z1	0
2026210	x7z2	0
2026210	x7z3	0
2026210	x7z4	4
2026210	x7z5	30
2026210	x7z6	300
2026210	x7z7	8500
2026210	x8z0	2
2026210	x8z1	0
2026210	x8z2	0
2026210	x8z3	0
2026210	x8z4	3
2026210	x8z5	10
2026210	x8z6	80
2026210	x8z7	800
2026210	x8z8	50000
2026210	x9z0	2
2026210	x9z1	0
2026210	x9z2	0
2026210	x9z3	0
2026210	x9z4	3
2026210	x9z5	5
2026210	x9z6	22
2026210	x9z7	225
2026210	x9z8	2000
2026210	x10z0	2
2026210	x10z1	0
2026210	x10z2	0
2026210	x10z3	0
2026210	x10z4	0
2026210	x10z5	3
2026210	x10z6	5
2026210	x10z7	80
2026210	x10z8	720
2026210	x10z9	8000
2026209	x1z0	0
2026209	x1z1	4.5
2026209	x2z0	0
2026209	x2z1	0
2026209	x2z2	19
2026209	x3z0	0
2026209	x3z1	0
2026209	x3z2	3
2026209	x3z3	52
2026209	x4z0	0
2026209	x4z1	0
2026209	x4z2	3
2026209	x4z3	5
2026209	x4z4	93
2026209	x5z0	0
2026209	x5z1	0
2026209	x5z2	0
2026209	x5z3	3
2026209	x5z4	20
2026209	x5z5	1000
2026209	x6z0	0
2026209	x6z1	0
2026209	x6z2	0
2026209	x6z3	3
2026209	x6z4	10
2026209	x6z5	30
2026209	x6z6	2880
2026209	x7z0	2
2026209	x7z1	0
2026209	x7z2	0
2026209	x7z3	0
2026209	x7z4	4
2026209	x7z5	30
2026209	x7z6	300
2026209	x7z7	8500
2026209	x8z0	2
2026209	x8z1	0
2026209	x8z2	0
2026209	x8z3	0
2026209	x8z4	3
2026209	x8z5	10
2026209	x8z6	80
2026209	x8z7	800
2026209	x8z8	50000
2026209	x9z0	2
2026209	x9z1	0
2026209	x9z2	0
2026209	x9z3	0
2026209	x9z4	3
2026209	x9z5	5
2026209	x9z6	22
2026209	x9z7	225
2026209	x9z8	2000
2026209	x10z0	2
2026209	x10z1	0
2026209	x10z2	0
2026209	x10z3	0
2026209	x10z4	0
2026209	x10z5	3
2026209	x10z6	5
2026209	x10z7	80
2026209	x10z8	720
2026209	x10z9	8000
2026208	x1z0	0
2026208	x1z1	4.5
2026208	x2z0	0
2026208	x2z1	0
2026208	x2z2	19
2026208	x3z0	0
2026208	x3z1	0
2026208	x3z2	3
2026208	x3z3	52
2026208	x4z0	0
2026208	x4z1	0
2026208	x4z2	3
2026208	x4z3	5
2026208	x4z4	93
2026208	x5z0	0
2026208	x5z1	0
2026208	x5z2	0
2026208	x5z3	3
2026208	x5z4	20
2026208	x5z5	1000
2026208	x6z0	0
2026208	x6z1	0
2026208	x6z2	0
2026208	x6z3	3
2026208	x6z4	10
2026208	x6z5	30
2026208	x6z6	2880
2026208	x7z0	2
2026208	x7z1	0
2026208	x7z2	0
2026208	x7z3	0
2026208	x7z4	4
2026208	x7z5	30
2026208	x7z6	300
2026208	x7z7	8500
2026208	x8z0	2
2026208	x8z1	0
2026208	x8z2	0
2026208	x8z3	0
2026208	x8z4	3
2026208	x8z5	10
2026208	x8z6	80
2026208	x8z7	800
2026208	x8z8	50000
2026208	x9z0	2
2026208	x9z1	0
2026208	x9z2	0
2026208	x9z3	0
2026208	x9z4	3
2026208	x9z5	5
2026208	x9z6	22
2026208	x9z7	225
2026208	x9z8	2000
2026208	x10z0	2
2026208	x10z1	0
2026208	x10z2	0
2026208	x10z3	0
2026208	x10z4	0
2026208	x10z5	3
2026208	x10z6	5
2026208	x10z7	80
2026208	x10z8	720
2026208	x10z9	8000
2026207	x1z0	0
2026207	x1z1	4.5
2026207	x2z0	0
2026207	x2z1	0
2026207	x2z2	19
2026207	x3z0	0
2026207	x3z1	0
2026207	x3z2	3
2026207	x3z3	52
2026207	x4z0	0
2026207	x4z1	0
2026207	x4z2	3
2026207	x4z3	5
2026207	x4z4	93
2026207	x5z0	0
2026207	x5z1	0
2026207	x5z2	0
2026207	x5z3	3
2026207	x5z4	20
2026207	x5z5	1000
2026207	x6z0	0
2026207	x6z1	0
2026207	x6z2	0
2026207	x6z3	3
2026207	x6z4	10
2026207	x6z5	30
2026207	x6z6	2880
2026207	x7z0	2
2026207	x7z1	0
2026207	x7z2	0
2026207	x7z3	0
2026207	x7z4	4
2026207	x7z5	30
2026207	x7z6	300
2026207	x7z7	8500
2026207	x8z0	2
2026207	x8z1	0
2026207	x8z2	0
2026207	x8z3	0
2026207	x8z4	3
2026207	x8z5	10
2026207	x8z6	80
2026207	x8z7	800
2026207	x8z8	50000
2026207	x9z0	2
2026207	x9z1	0
2026207	x9z2	0
2026207	x9z3	0
2026207	x9z4	3
2026207	x9z5	5
2026207	x9z6	22
2026207	x9z7	225
2026207	x9z8	2000
2026207	x10z0	2
2026207	x10z1	0
2026207	x10z2	0
2026207	x10z3	0
2026207	x10z4	0
2026207	x10z5	3
2026207	x10z6	5
2026207	x10z7	80
2026207	x10z8	720
2026207	x10z9	8000
2026206	x1z0	0
2026206	x1z1	4.5
2026206	x2z0	0
2026206	x2z1	0
2026206	x2z2	19
2026206	x3z0	0
2026206	x3z1	0
2026206	x3z2	3
2026206	x3z3	52
2026206	x4z0	0
2026206	x4z1	0
2026206	x4z2	3
2026206	x4z3	5
2026206	x4z4	93
2026206	x5z0	0
2026206	x5z1	0
2026206	x5z2	0
2026206	x5z3	3
2026206	x5z4	20
2026206	x5z5	1000
2026206	x6z0	0
2026206	x6z1	0
2026206	x6z2	0
2026206	x6z3	3
2026206	x6z4	10
2026206	x6z5	30
2026206	x6z6	2880
2026206	x7z0	2
2026206	x7z1	0
2026206	x7z2	0
2026206	x7z3	0
2026206	x7z4	4
2026206	x7z5	30
2026206	x7z6	300
2026206	x7z7	8500
2026206	x8z0	2
2026206	x8z1	0
2026206	x8z2	0
2026206	x8z3	0
2026206	x8z4	3
2026206	x8z5	10
2026206	x8z6	80
2026206	x8z7	800
2026206	x8z8	50000
2026206	x9z0	2
2026206	x9z1	0
2026206	x9z2	0
2026206	x9z3	0
2026206	x9z4	3
2026206	x9z5	5
2026206	x9z6	22
2026206	x9z7	225
2026206	x9z8	2000
2026206	x10z0	2
2026206	x10z1	0
2026206	x10z2	0
2026206	x10z3	0
2026206	x10z4	0
2026206	x10z5	3
2026206	x10z6	5
2026206	x10z7	80
2026206	x10z8	720
2026206	x10z9	8000
2026205	x1z0	0
2026205	x1z1	4.5
2026205	x2z0	0
2026205	x2z1	0
2026205	x2z2	19
2026205	x3z0	0
2026205	x3z1	0
2026205	x3z2	3
2026205	x3z3	52
2026205	x4z0	0
2026205	x4z1	0
2026205	x4z2	3
2026205	x4z3	5
2026205	x4z4	93
2026205	x5z0	0
2026205	x5z1	0
2026205	x5z2	0
2026205	x5z3	3
2026205	x5z4	20
2026205	x5z5	1000
2026205	x6z0	0
2026205	x6z1	0
2026205	x6z2	0
2026205	x6z3	3
2026205	x6z4	10
2026205	x6z5	30
2026205	x6z6	2880
2026205	x7z0	2
2026205	x7z1	0
2026205	x7z2	0
2026205	x7z3	0
2026205	x7z4	4
2026205	x7z5	30
2026205	x7z6	300
2026205	x7z7	8500
2026205	x8z0	2
2026205	x8z1	0
2026205	x8z2	0
2026205	x8z3	0
2026205	x8z4	3
2026205	x8z5	10
2026205	x8z6	80
2026205	x8z7	800
2026205	x8z8	50000
2026205	x9z0	2
2026205	x9z1	0
2026205	x9z2	0
2026205	x9z3	0
2026205	x9z4	3
2026205	x9z5	5
2026205	x9z6	22
2026205	x9z7	225
2026205	x9z8	2000
2026205	x10z0	2
2026205	x10z1	0
2026205	x10z2	0
2026205	x10z3	0
2026205	x10z4	0
2026205	x10z5	3
2026205	x10z6	5
2026205	x10z7	80
2026205	x10z8	720
2026205	x10z9	8000
2026204	x1z0	0
2026204	x1z1	4.5
2026204	x2z0	0
2026204	x2z1	0
2026204	x2z2	19
2026204	x3z0	0
2026204	x3z1	0
2026204	x3z2	3
2026204	x3z3	52
2026204	x4z0	0
2026204	x4z1	0
2026204	x4z2	3
2026204	x4z3	5
2026204	x4z4	93
2026204	x5z0	0
2026204	x5z1	0
2026204	x5z2	0
2026204	x5z3	3
2026204	x5z4	20
2026204	x5z5	1000
2026204	x6z0	0
2026204	x6z1	0
2026204	x6z2	0
2026204	x6z3	3
2026204	x6z4	10
2026204	x6z5	30
2026204	x6z6	2880
2026204	x7z0	2
2026204	x7z1	0
2026204	x7z2	0
2026204	x7z3	0
2026204	x7z4	4
2026204	x7z5	30
2026204	x7z6	300
2026204	x7z7	8500
2026204	x8z0	2
2026204	x8z1	0
2026204	x8z2	0
2026204	x8z3	0
2026204	x8z4	3
2026204	x8z5	10
2026204	x8z6	80
2026204	x8z7	800
2026204	x8z8	50000
2026204	x9z0	2
2026204	x9z1	0
2026204	x9z2	0
2026204	x9z3	0
2026204	x9z4	3
2026204	x9z5	5
2026204	x9z6	22
2026204	x9z7	225
2026204	x9z8	2000
2026204	x10z0	2
2026204	x10z1	0
2026204	x10z2	0
2026204	x10z3	0
2026204	x10z4	0
2026204	x10z5	3
2026204	x10z6	5
2026204	x10z7	80
2026204	x10z8	720
2026204	x10z9	8000
2026203	x1z0	0
2026203	x1z1	4.5
2026203	x2z0	0
2026203	x2z1	0
2026203	x2z2	19
2026203	x3z0	0
2026203	x3z1	0
2026203	x3z2	3
2026203	x3z3	52
2026203	x4z0	0
2026203	x4z1	0
2026203	x4z2	3
2026203	x4z3	5
2026203	x4z4	93
2026203	x5z0	0
2026203	x5z1	0
2026203	x5z2	0
2026203	x5z3	3
2026203	x5z4	20
2026203	x5z5	1000
2026203	x6z0	0
2026203	x6z1	0
2026203	x6z2	0
2026203	x6z3	3
2026203	x6z4	10
2026203	x6z5	30
2026203	x6z6	2880
2026203	x7z0	2
2026203	x7z1	0
2026203	x7z2	0
2026203	x7z3	0
2026203	x7z4	4
2026203	x7z5	30
2026203	x7z6	300
2026203	x7z7	8500
2026203	x8z0	2
2026203	x8z1	0
2026203	x8z2	0
2026203	x8z3	0
2026203	x8z4	3
2026203	x8z5	10
2026203	x8z6	80
2026203	x8z7	800
2026203	x8z8	50000
2026203	x9z0	2
2026203	x9z1	0
2026203	x9z2	0
2026203	x9z3	0
2026203	x9z4	3
2026203	x9z5	5
2026203	x9z6	22
2026203	x9z7	225
2026203	x9z8	2000
2026203	x10z0	2
2026203	x10z1	0
2026203	x10z2	0
2026203	x10z3	0
2026203	x10z4	0
2026203	x10z5	3
2026203	x10z6	5
2026203	x10z7	80
2026203	x10z8	720
2026203	x10z9	8000
2026202	x1z0	0
2026202	x1z1	4.5
2026202	x2z0	0
2026202	x2z1	0
2026202	x2z2	19
2026202	x3z0	0
2026202	x3z1	0
2026202	x3z2	3
2026202	x3z3	52
2026202	x4z0	0
2026202	x4z1	0
2026202	x4z2	3
2026202	x4z3	5
2026202	x4z4	93
2026202	x5z0	0
2026202	x5z1	0
2026202	x5z2	0
2026202	x5z3	3
2026202	x5z4	20
2026202	x5z5	1000
2026202	x6z0	0
2026202	x6z1	0
2026202	x6z2	0
2026202	x6z3	3
2026202	x6z4	10
2026202	x6z5	30
2026202	x6z6	2880
2026202	x7z0	2
2026202	x7z1	0
2026202	x7z2	0
2026202	x7z3	0
2026202	x7z4	4
2026202	x7z5	30
2026202	x7z6	300
2026202	x7z7	8500
2026202	x8z0	2
2026202	x8z1	0
2026202	x8z2	0
2026202	x8z3	0
2026202	x8z4	3
2026202	x8z5	10
2026202	x8z6	80
2026202	x8z7	800
2026202	x8z8	50000
2026202	x9z0	2
2026202	x9z1	0
2026202	x9z2	0
2026202	x9z3	0
2026202	x9z4	3
2026202	x9z5	5
2026202	x9z6	22
2026202	x9z7	225
2026202	x9z8	2000
2026202	x10z0	2
2026202	x10z1	0
2026202	x10z2	0
2026202	x10z3	0
2026202	x10z4	0
2026202	x10z5	3
2026202	x10z6	5
2026202	x10z7	80
2026202	x10z8	720
2026202	x10z9	8000
2026201	x1z0	0
2026201	x1z1	4.5
2026201	x2z0	0
2026201	x2z1	0
2026201	x2z2	19
2026201	x3z0	0
2026201	x3z1	0
2026201	x3z2	3
2026201	x3z3	52
2026201	x4z0	0
2026201	x4z1	0
2026201	x4z2	3
2026201	x4z3	5
2026201	x4z4	93
2026201	x5z0	0
2026201	x5z1	0
2026201	x5z2	0
2026201	x5z3	3
2026201	x5z4	20
2026201	x5z5	1000
2026201	x6z0	0
2026201	x6z1	0
2026201	x6z2	0
2026201	x6z3	3
2026201	x6z4	10
2026201	x6z5	30
2026201	x6z6	2880
2026201	x7z0	2
2026201	x7z1	0
2026201	x7z2	0
2026201	x7z3	0
2026201	x7z4	4
2026201	x7z5	30
2026201	x7z6	300
2026201	x7z7	8500
2026201	x8z0	2
2026201	x8z1	0
2026201	x8z2	0
2026201	x8z3	0
2026201	x8z4	3
2026201	x8z5	10
2026201	x8z6	80
2026201	x8z7	800
2026201	x8z8	50000
2026201	x9z0	2
2026201	x9z1	0
2026201	x9z2	0
2026201	x9z3	0
2026201	x9z4	3
2026201	x9z5	5
2026201	x9z6	22
2026201	x9z7	225
2026201	x9z8	2000
2026201	x10z0	2
2026201	x10z1	0
2026201	x10z2	0
2026201	x10z3	0
2026201	x10z4	0
2026201	x10z5	3
2026201	x10z6	5
2026201	x10z7	80
2026201	x10z8	720
2026201	x10z9	8000
2026200	x1z0	0
2026200	x1z1	4.5
2026200	x2z0	0
2026200	x2z1	0
2026200	x2z2	19
2026200	x3z0	0
2026200	x3z1	0
2026200	x3z2	3
2026200	x3z3	52
2026200	x4z0	0
2026200	x4z1	0
2026200	x4z2	3
2026200	x4z3	5
2026200	x4z4	93
2026200	x5z0	0
2026200	x5z1	0
2026200	x5z2	0
2026200	x5z3	3
2026200	x5z4	20
2026200	x5z5	1000
2026200	x6z0	0
2026200	x6z1	0
2026200	x6z2	0
2026200	x6z3	3
2026200	x6z4	10
2026200	x6z5	30
2026200	x6z6	2880
2026200	x7z0	2
2026200	x7z1	0
2026200	x7z2	0
2026200	x7z3	0
2026200	x7z4	4
2026200	x7z5	30
2026200	x7z6	300
2026200	x7z7	8500
2026200	x8z0	2
2026200	x8z1	0
2026200	x8z2	0
2026200	x8z3	0
2026200	x8z4	3
2026200	x8z5	10
2026200	x8z6	80
2026200	x8z7	800
2026200	x8z8	50000
2026200	x9z0	2
2026200	x9z1	0
2026200	x9z2	0
2026200	x9z3	0
2026200	x9z4	3
2026200	x9z5	5
2026200	x9z6	22
2026200	x9z7	225
2026200	x9z8	2000
2026200	x10z0	2
2026200	x10z1	0
2026200	x10z2	0
2026200	x10z3	0
2026200	x10z4	0
2026200	x10z5	3
2026200	x10z6	5
2026200	x10z7	80
2026200	x10z8	720
2026200	x10z9	8000
2026199	x1z0	0
2026199	x1z1	4.5
2026199	x2z0	0
2026199	x2z1	0
2026199	x2z2	19
2026199	x3z0	0
2026199	x3z1	0
2026199	x3z2	3
2026199	x3z3	52
2026199	x4z0	0
2026199	x4z1	0
2026199	x4z2	3
2026199	x4z3	5
2026199	x4z4	93
2026199	x5z0	0
2026199	x5z1	0
2026199	x5z2	0
2026199	x5z3	3
2026199	x5z4	20
2026199	x5z5	1000
2026199	x6z0	0
2026199	x6z1	0
2026199	x6z2	0
2026199	x6z3	3
2026199	x6z4	10
2026199	x6z5	30
2026199	x6z6	2880
2026199	x7z0	2
2026199	x7z1	0
2026199	x7z2	0
2026199	x7z3	0
2026199	x7z4	4
2026199	x7z5	30
2026199	x7z6	300
2026199	x7z7	8500
2026199	x8z0	2
2026199	x8z1	0
2026199	x8z2	0
2026199	x8z3	0
2026199	x8z4	3
2026199	x8z5	10
2026199	x8z6	80
2026199	x8z7	800
2026199	x8z8	50000
2026199	x9z0	2
2026199	x9z1	0
2026199	x9z2	0
2026199	x9z3	0
2026199	x9z4	3
2026199	x9z5	5
2026199	x9z6	22
2026199	x9z7	225
2026199	x9z8	2000
2026199	x10z0	2
2026199	x10z1	0
2026199	x10z2	0
2026199	x10z3	0
2026199	x10z4	0
2026199	x10z5	3
2026199	x10z6	5
2026199	x10z7	80
2026199	x10z8	720
2026199	x10z9	8000
2026198	x1z0	0
2026198	x1z1	4.5
2026198	x2z0	0
2026198	x2z1	0
2026198	x2z2	19
2026198	x3z0	0
2026198	x3z1	0
2026198	x3z2	3
2026198	x3z3	52
2026198	x4z0	0
2026198	x4z1	0
2026198	x4z2	3
2026198	x4z3	5
2026198	x4z4	93
2026198	x5z0	0
2026198	x5z1	0
2026198	x5z2	0
2026198	x5z3	3
2026198	x5z4	20
2026198	x5z5	1000
2026198	x6z0	0
2026198	x6z1	0
2026198	x6z2	0
2026198	x6z3	3
2026198	x6z4	10
2026198	x6z5	30
2026198	x6z6	2880
2026198	x7z0	2
2026198	x7z1	0
2026198	x7z2	0
2026198	x7z3	0
2026198	x7z4	4
2026198	x7z5	30
2026198	x7z6	300
2026198	x7z7	8500
2026198	x8z0	2
2026198	x8z1	0
2026198	x8z2	0
2026198	x8z3	0
2026198	x8z4	3
2026198	x8z5	10
2026198	x8z6	80
2026198	x8z7	800
2026198	x8z8	50000
2026198	x9z0	2
2026198	x9z1	0
2026198	x9z2	0
2026198	x9z3	0
2026198	x9z4	3
2026198	x9z5	5
2026198	x9z6	22
2026198	x9z7	225
2026198	x9z8	2000
2026198	x10z0	2
2026198	x10z1	0
2026198	x10z2	0
2026198	x10z3	0
2026198	x10z4	0
2026198	x10z5	3
2026198	x10z6	5
2026198	x10z7	80
2026198	x10z8	720
2026198	x10z9	8000
2026197	x1z0	0
2026197	x1z1	4.5
2026197	x2z0	0
2026197	x2z1	0
2026197	x2z2	19
2026197	x3z0	0
2026197	x3z1	0
2026197	x3z2	3
2026197	x3z3	52
2026197	x4z0	0
2026197	x4z1	0
2026197	x4z2	3
2026197	x4z3	5
2026197	x4z4	93
2026197	x5z0	0
2026197	x5z1	0
2026197	x5z2	0
2026197	x5z3	3
2026197	x5z4	20
2026197	x5z5	1000
2026197	x6z0	0
2026197	x6z1	0
2026197	x6z2	0
2026197	x6z3	3
2026197	x6z4	10
2026197	x6z5	30
2026197	x6z6	2880
2026197	x7z0	2
2026197	x7z1	0
2026197	x7z2	0
2026197	x7z3	0
2026197	x7z4	4
2026197	x7z5	30
2026197	x7z6	300
2026197	x7z7	8500
2026197	x8z0	2
2026197	x8z1	0
2026197	x8z2	0
2026197	x8z3	0
2026197	x8z4	3
2026197	x8z5	10
2026197	x8z6	80
2026197	x8z7	800
2026197	x8z8	50000
2026197	x9z0	2
2026197	x9z1	0
2026197	x9z2	0
2026197	x9z3	0
2026197	x9z4	3
2026197	x9z5	5
2026197	x9z6	22
2026197	x9z7	225
2026197	x9z8	2000
2026197	x10z0	2
2026197	x10z1	0
2026197	x10z2	0
2026197	x10z3	0
2026197	x10z4	0
2026197	x10z5	3
2026197	x10z6	5
2026197	x10z7	80
2026197	x10z8	720
2026197	x10z9	8000
2026196	x1z0	0
2026196	x1z1	4.5
2026196	x2z0	0
2026196	x2z1	0
2026196	x2z2	19
2026196	x3z0	0
2026196	x3z1	0
2026196	x3z2	3
2026196	x3z3	52
2026196	x4z0	0
2026196	x4z1	0
2026196	x4z2	3
2026196	x4z3	5
2026196	x4z4	93
2026196	x5z0	0
2026196	x5z1	0
2026196	x5z2	0
2026196	x5z3	3
2026196	x5z4	20
2026196	x5z5	1000
2026196	x6z0	0
2026196	x6z1	0
2026196	x6z2	0
2026196	x6z3	3
2026196	x6z4	10
2026196	x6z5	30
2026196	x6z6	2880
2026196	x7z0	2
2026196	x7z1	0
2026196	x7z2	0
2026196	x7z3	0
2026196	x7z4	4
2026196	x7z5	30
2026196	x7z6	300
2026196	x7z7	8500
2026196	x8z0	2
2026196	x8z1	0
2026196	x8z2	0
2026196	x8z3	0
2026196	x8z4	3
2026196	x8z5	10
2026196	x8z6	80
2026196	x8z7	800
2026196	x8z8	50000
2026196	x9z0	2
2026196	x9z1	0
2026196	x9z2	0
2026196	x9z3	0
2026196	x9z4	3
2026196	x9z5	5
2026196	x9z6	22
2026196	x9z7	225
2026196	x9z8	2000
2026196	x10z0	2
2026196	x10z1	0
2026196	x10z2	0
2026196	x10z3	0
2026196	x10z4	0
2026196	x10z5	3
2026196	x10z6	5
2026196	x10z7	80
2026196	x10z8	720
2026196	x10z9	8000
2026195	x1z0	0
2026195	x1z1	4.5
2026195	x2z0	0
2026195	x2z1	0
2026195	x2z2	19
2026195	x3z0	0
2026195	x3z1	0
2026195	x3z2	3
2026195	x3z3	52
2026195	x4z0	0
2026195	x4z1	0
2026195	x4z2	3
2026195	x4z3	5
2026195	x4z4	93
2026195	x5z0	0
2026195	x5z1	0
2026195	x5z2	0
2026195	x5z3	3
2026195	x5z4	20
2026195	x5z5	1000
2026195	x6z0	0
2026195	x6z1	0
2026195	x6z2	0
2026195	x6z3	3
2026195	x6z4	10
2026195	x6z5	30
2026195	x6z6	2880
2026195	x7z0	2
2026195	x7z1	0
2026195	x7z2	0
2026195	x7z3	0
2026195	x7z4	4
2026195	x7z5	30
2026195	x7z6	300
2026195	x7z7	8500
2026195	x8z0	2
2026195	x8z1	0
2026195	x8z2	0
2026195	x8z3	0
2026195	x8z4	3
2026195	x8z5	10
2026195	x8z6	80
2026195	x8z7	800
2026195	x8z8	50000
2026195	x9z0	2
2026195	x9z1	0
2026195	x9z2	0
2026195	x9z3	0
2026195	x9z4	3
2026195	x9z5	5
2026195	x9z6	22
2026195	x9z7	225
2026195	x9z8	2000
2026195	x10z0	2
2026195	x10z1	0
2026195	x10z2	0
2026195	x10z3	0
2026195	x10z4	0
2026195	x10z5	3
2026195	x10z6	5
2026195	x10z7	80
2026195	x10z8	720
2026195	x10z9	8000
2026194	x1z0	0
2026194	x1z1	4.5
2026194	x2z0	0
2026194	x2z1	0
2026194	x2z2	19
2026194	x3z0	0
2026194	x3z1	0
2026194	x3z2	3
2026194	x3z3	52
2026194	x4z0	0
2026194	x4z1	0
2026194	x4z2	3
2026194	x4z3	5
2026194	x4z4	93
2026194	x5z0	0
2026194	x5z1	0
2026194	x5z2	0
2026194	x5z3	3
2026194	x5z4	20
2026194	x5z5	1000
2026194	x6z0	0
2026194	x6z1	0
2026194	x6z2	0
2026194	x6z3	3
2026194	x6z4	10
2026194	x6z5	30
2026194	x6z6	2880
2026194	x7z0	2
2026194	x7z1	0
2026194	x7z2	0
2026194	x7z3	0
2026194	x7z4	4
2026194	x7z5	30
2026194	x7z6	300
2026194	x7z7	8500
2026194	x8z0	2
2026194	x8z1	0
2026194	x8z2	0
2026194	x8z3	0
2026194	x8z4	3
2026194	x8z5	10
2026194	x8z6	80
2026194	x8z7	800
2026194	x8z8	50000
2026194	x9z0	2
2026194	x9z1	0
2026194	x9z2	0
2026194	x9z3	0
2026194	x9z4	3
2026194	x9z5	5
2026194	x9z6	22
2026194	x9z7	225
2026194	x9z8	2000
2026194	x10z0	2
2026194	x10z1	0
2026194	x10z2	0
2026194	x10z3	0
2026194	x10z4	0
2026194	x10z5	3
2026194	x10z6	5
2026194	x10z7	80
2026194	x10z8	720
2026194	x10z9	8000
2026193	x1z0	0
2026193	x1z1	4.5
2026193	x2z0	0
2026193	x2z1	0
2026193	x2z2	19
2026193	x3z0	0
2026193	x3z1	0
2026193	x3z2	3
2026193	x3z3	52
2026193	x4z0	0
2026193	x4z1	0
2026193	x4z2	3
2026193	x4z3	5
2026193	x4z4	93
2026193	x5z0	0
2026193	x5z1	0
2026193	x5z2	0
2026193	x5z3	3
2026193	x5z4	20
2026193	x5z5	1000
2026193	x6z0	0
2026193	x6z1	0
2026193	x6z2	0
2026193	x6z3	3
2026193	x6z4	10
2026193	x6z5	30
2026193	x6z6	2880
2026193	x7z0	2
2026193	x7z1	0
2026193	x7z2	0
2026193	x7z3	0
2026193	x7z4	4
2026193	x7z5	30
2026193	x7z6	300
2026193	x7z7	8500
2026193	x8z0	2
2026193	x8z1	0
2026193	x8z2	0
2026193	x8z3	0
2026193	x8z4	3
2026193	x8z5	10
2026193	x8z6	80
2026193	x8z7	800
2026193	x8z8	50000
2026193	x9z0	2
2026193	x9z1	0
2026193	x9z2	0
2026193	x9z3	0
2026193	x9z4	3
2026193	x9z5	5
2026193	x9z6	22
2026193	x9z7	225
2026193	x9z8	2000
2026193	x10z0	2
2026193	x10z1	0
2026193	x10z2	0
2026193	x10z3	0
2026193	x10z4	0
2026193	x10z5	3
2026193	x10z6	5
2026193	x10z7	80
2026193	x10z8	720
2026193	x10z9	8000
2026192	x1z0	0
2026192	x1z1	4.5
2026192	x2z0	0
2026192	x2z1	0
2026192	x2z2	19
2026192	x3z0	0
2026192	x3z1	0
2026192	x3z2	3
2026192	x3z3	52
2026192	x4z0	0
2026192	x4z1	0
2026192	x4z2	3
2026192	x4z3	5
2026192	x4z4	93
2026192	x5z0	0
2026192	x5z1	0
2026192	x5z2	0
2026192	x5z3	3
2026192	x5z4	20
2026192	x5z5	1000
2026192	x6z0	0
2026192	x6z1	0
2026192	x6z2	0
2026192	x6z3	3
2026192	x6z4	10
2026192	x6z5	30
2026192	x6z6	2880
2026192	x7z0	2
2026192	x7z1	0
2026192	x7z2	0
2026192	x7z3	0
2026192	x7z4	4
2026192	x7z5	30
2026192	x7z6	300
2026192	x7z7	8500
2026192	x8z0	2
2026192	x8z1	0
2026192	x8z2	0
2026192	x8z3	0
2026192	x8z4	3
2026192	x8z5	10
2026192	x8z6	80
2026192	x8z7	800
2026192	x8z8	50000
2026192	x9z0	2
2026192	x9z1	0
2026192	x9z2	0
2026192	x9z3	0
2026192	x9z4	3
2026192	x9z5	5
2026192	x9z6	22
2026192	x9z7	225
2026192	x9z8	2000
2026192	x10z0	2
2026192	x10z1	0
2026192	x10z2	0
2026192	x10z3	0
2026192	x10z4	0
2026192	x10z5	3
2026192	x10z6	5
2026192	x10z7	80
2026192	x10z8	720
2026192	x10z9	8000
2026191	x1z0	0
2026191	x1z1	4.5
2026191	x2z0	0
2026191	x2z1	0
2026191	x2z2	19
2026191	x3z0	0
2026191	x3z1	0
2026191	x3z2	3
2026191	x3z3	52
2026191	x4z0	0
2026191	x4z1	0
2026191	x4z2	3
2026191	x4z3	5
2026191	x4z4	93
2026191	x5z0	0
2026191	x5z1	0
2026191	x5z2	0
2026191	x5z3	3
2026191	x5z4	20
2026191	x5z5	1000
2026191	x6z0	0
2026191	x6z1	0
2026191	x6z2	0
2026191	x6z3	3
2026191	x6z4	10
2026191	x6z5	30
2026191	x6z6	2880
2026191	x7z0	2
2026191	x7z1	0
2026191	x7z2	0
2026191	x7z3	0
2026191	x7z4	4
2026191	x7z5	30
2026191	x7z6	300
2026191	x7z7	8500
2026191	x8z0	2
2026191	x8z1	0
2026191	x8z2	0
2026191	x8z3	0
2026191	x8z4	3
2026191	x8z5	10
2026191	x8z6	80
2026191	x8z7	800
2026191	x8z8	50000
2026191	x9z0	2
2026191	x9z1	0
2026191	x9z2	0
2026191	x9z3	0
2026191	x9z4	3
2026191	x9z5	5
2026191	x9z6	22
2026191	x9z7	225
2026191	x9z8	2000
2026191	x10z0	2
2026191	x10z1	0
2026191	x10z2	0
2026191	x10z3	0
2026191	x10z4	0
2026191	x10z5	3
2026191	x10z6	5
2026191	x10z7	80
2026191	x10z8	720
2026191	x10z9	8000
2026190	x1z0	0
2026190	x1z1	4.5
2026190	x2z0	0
2026190	x2z1	0
2026190	x2z2	19
2026190	x3z0	0
2026190	x3z1	0
2026190	x3z2	3
2026190	x3z3	52
2026190	x4z0	0
2026190	x4z1	0
2026190	x4z2	3
2026190	x4z3	5
2026190	x4z4	93
2026190	x5z0	0
2026190	x5z1	0
2026190	x5z2	0
2026190	x5z3	3
2026190	x5z4	20
2026190	x5z5	1000
2026190	x6z0	0
2026190	x6z1	0
2026190	x6z2	0
2026190	x6z3	3
2026190	x6z4	10
2026190	x6z5	30
2026190	x6z6	2880
2026190	x7z0	2
2026190	x7z1	0
2026190	x7z2	0
2026190	x7z3	0
2026190	x7z4	4
2026190	x7z5	30
2026190	x7z6	300
2026190	x7z7	8500
2026190	x8z0	2
2026190	x8z1	0
2026190	x8z2	0
2026190	x8z3	0
2026190	x8z4	3
2026190	x8z5	10
2026190	x8z6	80
2026190	x8z7	800
2026190	x8z8	50000
2026190	x9z0	2
2026190	x9z1	0
2026190	x9z2	0
2026190	x9z3	0
2026190	x9z4	3
2026190	x9z5	5
2026190	x9z6	22
2026190	x9z7	225
2026190	x9z8	2000
2026190	x10z0	2
2026190	x10z1	0
2026190	x10z2	0
2026190	x10z3	0
2026190	x10z4	0
2026190	x10z5	3
2026190	x10z6	5
2026190	x10z7	80
2026190	x10z8	720
2026190	x10z9	8000
2026189	x1z0	0
2026189	x1z1	4.5
2026189	x2z0	0
2026189	x2z1	0
2026189	x2z2	19
2026189	x3z0	0
2026189	x3z1	0
2026189	x3z2	3
2026189	x3z3	52
2026189	x4z0	0
2026189	x4z1	0
2026189	x4z2	3
2026189	x4z3	5
2026189	x4z4	93
2026189	x5z0	0
2026189	x5z1	0
2026189	x5z2	0
2026189	x5z3	3
2026189	x5z4	20
2026189	x5z5	1000
2026189	x6z0	0
2026189	x6z1	0
2026189	x6z2	0
2026189	x6z3	3
2026189	x6z4	10
2026189	x6z5	30
2026189	x6z6	2880
2026189	x7z0	2
2026189	x7z1	0
2026189	x7z2	0
2026189	x7z3	0
2026189	x7z4	4
2026189	x7z5	30
2026189	x7z6	300
2026189	x7z7	8500
2026189	x8z0	2
2026189	x8z1	0
2026189	x8z2	0
2026189	x8z3	0
2026189	x8z4	3
2026189	x8z5	10
2026189	x8z6	80
2026189	x8z7	800
2026189	x8z8	50000
2026189	x9z0	2
2026189	x9z1	0
2026189	x9z2	0
2026189	x9z3	0
2026189	x9z4	3
2026189	x9z5	5
2026189	x9z6	22
2026189	x9z7	225
2026189	x9z8	2000
2026189	x10z0	2
2026189	x10z1	0
2026189	x10z2	0
2026189	x10z3	0
2026189	x10z4	0
2026189	x10z5	3
2026189	x10z6	5
2026189	x10z7	80
2026189	x10z8	720
2026189	x10z9	8000
2026188	x1z0	0
2026188	x1z1	4.5
2026188	x2z0	0
2026188	x2z1	0
2026188	x2z2	19
2026188	x3z0	0
2026188	x3z1	0
2026188	x3z2	3
2026188	x3z3	52
2026188	x4z0	0
2026188	x4z1	0
2026188	x4z2	3
2026188	x4z3	5
2026188	x4z4	93
2026188	x5z0	0
2026188	x5z1	0
2026188	x5z2	0
2026188	x5z3	3
2026188	x5z4	20
2026188	x5z5	1000
2026188	x6z0	0
2026188	x6z1	0
2026188	x6z2	0
2026188	x6z3	3
2026188	x6z4	10
2026188	x6z5	30
2026188	x6z6	2880
2026188	x7z0	2
2026188	x7z1	0
2026188	x7z2	0
2026188	x7z3	0
2026188	x7z4	4
2026188	x7z5	30
2026188	x7z6	300
2026188	x7z7	8500
2026188	x8z0	2
2026188	x8z1	0
2026188	x8z2	0
2026188	x8z3	0
2026188	x8z4	3
2026188	x8z5	10
2026188	x8z6	80
2026188	x8z7	800
2026188	x8z8	50000
2026188	x9z0	2
2026188	x9z1	0
2026188	x9z2	0
2026188	x9z3	0
2026188	x9z4	3
2026188	x9z5	5
2026188	x9z6	22
2026188	x9z7	225
2026188	x9z8	2000
2026188	x10z0	2
2026188	x10z1	0
2026188	x10z2	0
2026188	x10z3	0
2026188	x10z4	0
2026188	x10z5	3
2026188	x10z6	5
2026188	x10z7	80
2026188	x10z8	720
2026188	x10z9	8000
2026187	x1z0	0
2026187	x1z1	4.5
2026187	x2z0	0
2026187	x2z1	0
2026187	x2z2	19
2026187	x3z0	0
2026187	x3z1	0
2026187	x3z2	3
2026187	x3z3	52
2026187	x4z0	0
2026187	x4z1	0
2026187	x4z2	3
2026187	x4z3	5
2026187	x4z4	93
2026187	x5z0	0
2026187	x5z1	0
2026187	x5z2	0
2026187	x5z3	3
2026187	x5z4	20
2026187	x5z5	1000
2026187	x6z0	0
2026187	x6z1	0
2026187	x6z2	0
2026187	x6z3	3
2026187	x6z4	10
2026187	x6z5	30
2026187	x6z6	2880
2026187	x7z0	2
2026187	x7z1	0
2026187	x7z2	0
2026187	x7z3	0
2026187	x7z4	4
2026187	x7z5	30
2026187	x7z6	300
2026187	x7z7	8500
2026187	x8z0	2
2026187	x8z1	0
2026187	x8z2	0
2026187	x8z3	0
2026187	x8z4	3
2026187	x8z5	10
2026187	x8z6	80
2026187	x8z7	800
2026187	x8z8	50000
2026187	x9z0	2
2026187	x9z1	0
2026187	x9z2	0
2026187	x9z3	0
2026187	x9z4	3
2026187	x9z5	5
2026187	x9z6	22
2026187	x9z7	225
2026187	x9z8	2000
2026187	x10z0	2
2026187	x10z1	0
2026187	x10z2	0
2026187	x10z3	0
2026187	x10z4	0
2026187	x10z5	3
2026187	x10z6	5
2026187	x10z7	80
2026187	x10z8	720
2026187	x10z9	8000
2026186	x1z0	0
2026186	x1z1	4.5
2026186	x2z0	0
2026186	x2z1	0
2026186	x2z2	19
2026186	x3z0	0
2026186	x3z1	0
2026186	x3z2	3
2026186	x3z3	52
2026186	x4z0	0
2026186	x4z1	0
2026186	x4z2	3
2026186	x4z3	5
2026186	x4z4	93
2026186	x5z0	0
2026186	x5z1	0
2026186	x5z2	0
2026186	x5z3	3
2026186	x5z4	20
2026186	x5z5	1000
2026186	x6z0	0
2026186	x6z1	0
2026186	x6z2	0
2026186	x6z3	3
2026186	x6z4	10
2026186	x6z5	30
2026186	x6z6	2880
2026186	x7z0	2
2026186	x7z1	0
2026186	x7z2	0
2026186	x7z3	0
2026186	x7z4	4
2026186	x7z5	30
2026186	x7z6	300
2026186	x7z7	8500
2026186	x8z0	2
2026186	x8z1	0
2026186	x8z2	0
2026186	x8z3	0
2026186	x8z4	3
2026186	x8z5	10
2026186	x8z6	80
2026186	x8z7	800
2026186	x8z8	50000
2026186	x9z0	2
2026186	x9z1	0
2026186	x9z2	0
2026186	x9z3	0
2026186	x9z4	3
2026186	x9z5	5
2026186	x9z6	22
2026186	x9z7	225
2026186	x9z8	2000
2026186	x10z0	2
2026186	x10z1	0
2026186	x10z2	0
2026186	x10z3	0
2026186	x10z4	0
2026186	x10z5	3
2026186	x10z6	5
2026186	x10z7	80
2026186	x10z8	720
2026186	x10z9	8000
2026185	x1z0	0
2026185	x1z1	4.5
2026185	x2z0	0
2026185	x2z1	0
2026185	x2z2	19
2026185	x3z0	0
2026185	x3z1	0
2026185	x3z2	3
2026185	x3z3	52
2026185	x4z0	0
2026185	x4z1	0
2026185	x4z2	3
2026185	x4z3	5
2026185	x4z4	93
2026185	x5z0	0
2026185	x5z1	0
2026185	x5z2	0
2026185	x5z3	3
2026185	x5z4	20
2026185	x5z5	1000
2026185	x6z0	0
2026185	x6z1	0
2026185	x6z2	0
2026185	x6z3	3
2026185	x6z4	10
2026185	x6z5	30
2026185	x6z6	2880
2026185	x7z0	2
2026185	x7z1	0
2026185	x7z2	0
2026185	x7z3	0
2026185	x7z4	4
2026185	x7z5	30
2026185	x7z6	300
2026185	x7z7	8500
2026185	x8z0	2
2026185	x8z1	0
2026185	x8z2	0
2026185	x8z3	0
2026185	x8z4	3
2026185	x8z5	10
2026185	x8z6	80
2026185	x8z7	800
2026185	x8z8	50000
2026185	x9z0	2
2026185	x9z1	0
2026185	x9z2	0
2026185	x9z3	0
2026185	x9z4	3
2026185	x9z5	5
2026185	x9z6	22
2026185	x9z7	225
2026185	x9z8	2000
2026185	x10z0	2
2026185	x10z1	0
2026185	x10z2	0
2026185	x10z3	0
2026185	x10z4	0
2026185	x10z5	3
2026185	x10z6	5
2026185	x10z7	80
2026185	x10z8	720
2026185	x10z9	8000
2026184	x1z0	0
2026184	x1z1	4.5
2026184	x2z0	0
2026184	x2z1	0
2026184	x2z2	19
2026184	x3z0	0
2026184	x3z1	0
2026184	x3z2	3
2026184	x3z3	52
2026184	x4z0	0
2026184	x4z1	0
2026184	x4z2	3
2026184	x4z3	5
2026184	x4z4	93
2026184	x5z0	0
2026184	x5z1	0
2026184	x5z2	0
2026184	x5z3	3
2026184	x5z4	20
2026184	x5z5	1000
2026184	x6z0	0
2026184	x6z1	0
2026184	x6z2	0
2026184	x6z3	3
2026184	x6z4	10
2026184	x6z5	30
2026184	x6z6	2880
2026184	x7z0	2
2026184	x7z1	0
2026184	x7z2	0
2026184	x7z3	0
2026184	x7z4	4
2026184	x7z5	30
2026184	x7z6	300
2026184	x7z7	8500
2026184	x8z0	2
2026184	x8z1	0
2026184	x8z2	0
2026184	x8z3	0
2026184	x8z4	3
2026184	x8z5	10
2026184	x8z6	80
2026184	x8z7	800
2026184	x8z8	50000
2026184	x9z0	2
2026184	x9z1	0
2026184	x9z2	0
2026184	x9z3	0
2026184	x9z4	3
2026184	x9z5	5
2026184	x9z6	22
2026184	x9z7	225
2026184	x9z8	2000
2026184	x10z0	2
2026184	x10z1	0
2026184	x10z2	0
2026184	x10z3	0
2026184	x10z4	0
2026184	x10z5	3
2026184	x10z6	5
2026184	x10z7	80
2026184	x10z8	720
2026184	x10z9	8000
2026183	x1z0	0
2026183	x1z1	4.5
2026183	x2z0	0
2026183	x2z1	0
2026183	x2z2	19
2026183	x3z0	0
2026183	x3z1	0
2026183	x3z2	3
2026183	x3z3	52
2026183	x4z0	0
2026183	x4z1	0
2026183	x4z2	3
2026183	x4z3	5
2026183	x4z4	93
2026183	x5z0	0
2026183	x5z1	0
2026183	x5z2	0
2026183	x5z3	3
2026183	x5z4	20
2026183	x5z5	1000
2026183	x6z0	0
2026183	x6z1	0
2026183	x6z2	0
2026183	x6z3	3
2026183	x6z4	10
2026183	x6z5	30
2026183	x6z6	2880
2026183	x7z0	2
2026183	x7z1	0
2026183	x7z2	0
2026183	x7z3	0
2026183	x7z4	4
2026183	x7z5	30
2026183	x7z6	300
2026183	x7z7	8500
2026183	x8z0	2
2026183	x8z1	0
2026183	x8z2	0
2026183	x8z3	0
2026183	x8z4	3
2026183	x8z5	10
2026183	x8z6	80
2026183	x8z7	800
2026183	x8z8	50000
2026183	x9z0	2
2026183	x9z1	0
2026183	x9z2	0
2026183	x9z3	0
2026183	x9z4	3
2026183	x9z5	5
2026183	x9z6	22
2026183	x9z7	225
2026183	x9z8	2000
2026183	x10z0	2
2026183	x10z1	0
2026183	x10z2	0
2026183	x10z3	0
2026183	x10z4	0
2026183	x10z5	3
2026183	x10z6	5
2026183	x10z7	80
2026183	x10z8	720
2026183	x10z9	8000
2026182	x1z0	0
2026182	x1z1	4.5
2026182	x2z0	0
2026182	x2z1	0
2026182	x2z2	19
2026182	x3z0	0
2026182	x3z1	0
2026182	x3z2	3
2026182	x3z3	52
2026182	x4z0	0
2026182	x4z1	0
2026182	x4z2	3
2026182	x4z3	5
2026182	x4z4	93
2026182	x5z0	0
2026182	x5z1	0
2026182	x5z2	0
2026182	x5z3	3
2026182	x5z4	20
2026182	x5z5	1000
2026182	x6z0	0
2026182	x6z1	0
2026182	x6z2	0
2026182	x6z3	3
2026182	x6z4	10
2026182	x6z5	30
2026182	x6z6	2880
2026182	x7z0	2
2026182	x7z1	0
2026182	x7z2	0
2026182	x7z3	0
2026182	x7z4	4
2026182	x7z5	30
2026182	x7z6	300
2026182	x7z7	8500
2026182	x8z0	2
2026182	x8z1	0
2026182	x8z2	0
2026182	x8z3	0
2026182	x8z4	3
2026182	x8z5	10
2026182	x8z6	80
2026182	x8z7	800
2026182	x8z8	50000
2026182	x9z0	2
2026182	x9z1	0
2026182	x9z2	0
2026182	x9z3	0
2026182	x9z4	3
2026182	x9z5	5
2026182	x9z6	22
2026182	x9z7	225
2026182	x9z8	2000
2026182	x10z0	2
2026182	x10z1	0
2026182	x10z2	0
2026182	x10z3	0
2026182	x10z4	0
2026182	x10z5	3
2026182	x10z6	5
2026182	x10z7	80
2026182	x10z8	720
2026182	x10z9	8000
2026181	x1z0	0
2026181	x1z1	4.5
2026181	x2z0	0
2026181	x2z1	0
2026181	x2z2	19
2026181	x3z0	0
2026181	x3z1	0
2026181	x3z2	3
2026181	x3z3	52
2026181	x4z0	0
2026181	x4z1	0
2026181	x4z2	3
2026181	x4z3	5
2026181	x4z4	93
2026181	x5z0	0
2026181	x5z1	0
2026181	x5z2	0
2026181	x5z3	3
2026181	x5z4	20
2026181	x5z5	1000
2026181	x6z0	0
2026181	x6z1	0
2026181	x6z2	0
2026181	x6z3	3
2026181	x6z4	10
2026181	x6z5	30
2026181	x6z6	2880
2026181	x7z0	2
2026181	x7z1	0
2026181	x7z2	0
2026181	x7z3	0
2026181	x7z4	4
2026181	x7z5	30
2026181	x7z6	300
2026181	x7z7	8500
2026181	x8z0	2
2026181	x8z1	0
2026181	x8z2	0
2026181	x8z3	0
2026181	x8z4	3
2026181	x8z5	10
2026181	x8z6	80
2026181	x8z7	800
2026181	x8z8	50000
2026181	x9z0	2
2026181	x9z1	0
2026181	x9z2	0
2026181	x9z3	0
2026181	x9z4	3
2026181	x9z5	5
2026181	x9z6	22
2026181	x9z7	225
2026181	x9z8	2000
2026181	x10z0	2
2026181	x10z1	0
2026181	x10z2	0
2026181	x10z3	0
2026181	x10z4	0
2026181	x10z5	3
2026181	x10z6	5
2026181	x10z7	80
2026181	x10z8	720
2026181	x10z9	8000
2026180	x1z0	0
2026180	x1z1	4.5
2026180	x2z0	0
2026180	x2z1	0
2026180	x2z2	19
2026180	x3z0	0
2026180	x3z1	0
2026180	x3z2	3
2026180	x3z3	52
2026180	x4z0	0
2026180	x4z1	0
2026180	x4z2	3
2026180	x4z3	5
2026180	x4z4	93
2026180	x5z0	0
2026180	x5z1	0
2026180	x5z2	0
2026180	x5z3	3
2026180	x5z4	20
2026180	x5z5	1000
2026180	x6z0	0
2026180	x6z1	0
2026180	x6z2	0
2026180	x6z3	3
2026180	x6z4	10
2026180	x6z5	30
2026180	x6z6	2880
2026180	x7z0	2
2026180	x7z1	0
2026180	x7z2	0
2026180	x7z3	0
2026180	x7z4	4
2026180	x7z5	30
2026180	x7z6	300
2026180	x7z7	8500
2026180	x8z0	2
2026180	x8z1	0
2026180	x8z2	0
2026180	x8z3	0
2026180	x8z4	3
2026180	x8z5	10
2026180	x8z6	80
2026180	x8z7	800
2026180	x8z8	50000
2026180	x9z0	2
2026180	x9z1	0
2026180	x9z2	0
2026180	x9z3	0
2026180	x9z4	3
2026180	x9z5	5
2026180	x9z6	22
2026180	x9z7	225
2026180	x9z8	2000
2026180	x10z0	2
2026180	x10z1	0
2026180	x10z2	0
2026180	x10z3	0
2026180	x10z4	0
2026180	x10z5	3
2026180	x10z6	5
2026180	x10z7	80
2026180	x10z8	720
2026180	x10z9	8000
2026179	x1z0	0
2026179	x1z1	4.5
2026179	x2z0	0
2026179	x2z1	0
2026179	x2z2	19
2026179	x3z0	0
2026179	x3z1	0
2026179	x3z2	3
2026179	x3z3	52
2026179	x4z0	0
2026179	x4z1	0
2026179	x4z2	3
2026179	x4z3	5
2026179	x4z4	93
2026179	x5z0	0
2026179	x5z1	0
2026179	x5z2	0
2026179	x5z3	3
2026179	x5z4	20
2026179	x5z5	1000
2026179	x6z0	0
2026179	x6z1	0
2026179	x6z2	0
2026179	x6z3	3
2026179	x6z4	10
2026179	x6z5	30
2026179	x6z6	2880
2026179	x7z0	2
2026179	x7z1	0
2026179	x7z2	0
2026179	x7z3	0
2026179	x7z4	4
2026179	x7z5	30
2026179	x7z6	300
2026179	x7z7	8500
2026179	x8z0	2
2026179	x8z1	0
2026179	x8z2	0
2026179	x8z3	0
2026179	x8z4	3
2026179	x8z5	10
2026179	x8z6	80
2026179	x8z7	800
2026179	x8z8	50000
2026179	x9z0	2
2026179	x9z1	0
2026179	x9z2	0
2026179	x9z3	0
2026179	x9z4	3
2026179	x9z5	5
2026179	x9z6	22
2026179	x9z7	225
2026179	x9z8	2000
2026179	x10z0	2
2026179	x10z1	0
2026179	x10z2	0
2026179	x10z3	0
2026179	x10z4	0
2026179	x10z5	3
2026179	x10z6	5
2026179	x10z7	80
2026179	x10z8	720
2026179	x10z9	8000
2026178	x1z0	0
2026178	x1z1	4.5
2026178	x2z0	0
2026178	x2z1	0
2026178	x2z2	19
2026178	x3z0	0
2026178	x3z1	0
2026178	x3z2	3
2026178	x3z3	52
2026178	x4z0	0
2026178	x4z1	0
2026178	x4z2	3
2026178	x4z3	5
2026178	x4z4	93
2026178	x5z0	0
2026178	x5z1	0
2026178	x5z2	0
2026178	x5z3	3
2026178	x5z4	20
2026178	x5z5	1000
2026178	x6z0	0
2026178	x6z1	0
2026178	x6z2	0
2026178	x6z3	3
2026178	x6z4	10
2026178	x6z5	30
2026178	x6z6	2880
2026178	x7z0	2
2026178	x7z1	0
2026178	x7z2	0
2026178	x7z3	0
2026178	x7z4	4
2026178	x7z5	30
2026178	x7z6	300
2026178	x7z7	8500
2026178	x8z0	2
2026178	x8z1	0
2026178	x8z2	0
2026178	x8z3	0
2026178	x8z4	3
2026178	x8z5	10
2026178	x8z6	80
2026178	x8z7	800
2026178	x8z8	50000
2026178	x9z0	2
2026178	x9z1	0
2026178	x9z2	0
2026178	x9z3	0
2026178	x9z4	3
2026178	x9z5	5
2026178	x9z6	22
2026178	x9z7	225
2026178	x9z8	2000
2026178	x10z0	2
2026178	x10z1	0
2026178	x10z2	0
2026178	x10z3	0
2026178	x10z4	0
2026178	x10z5	3
2026178	x10z6	5
2026178	x10z7	80
2026178	x10z8	720
2026178	x10z9	8000
2026177	x1z0	0
2026177	x1z1	4.5
2026177	x2z0	0
2026177	x2z1	0
2026177	x2z2	19
2026177	x3z0	0
2026177	x3z1	0
2026177	x3z2	3
2026177	x3z3	52
2026177	x4z0	0
2026177	x4z1	0
2026177	x4z2	3
2026177	x4z3	5
2026177	x4z4	93
2026177	x5z0	0
2026177	x5z1	0
2026177	x5z2	0
2026177	x5z3	3
2026177	x5z4	20
2026177	x5z5	1000
2026177	x6z0	0
2026177	x6z1	0
2026177	x6z2	0
2026177	x6z3	3
2026177	x6z4	10
2026177	x6z5	30
2026177	x6z6	2880
2026177	x7z0	2
2026177	x7z1	0
2026177	x7z2	0
2026177	x7z3	0
2026177	x7z4	4
2026177	x7z5	30
2026177	x7z6	300
2026177	x7z7	8500
2026177	x8z0	2
2026177	x8z1	0
2026177	x8z2	0
2026177	x8z3	0
2026177	x8z4	3
2026177	x8z5	10
2026177	x8z6	80
2026177	x8z7	800
2026177	x8z8	50000
2026177	x9z0	2
2026177	x9z1	0
2026177	x9z2	0
2026177	x9z3	0
2026177	x9z4	3
2026177	x9z5	5
2026177	x9z6	22
2026177	x9z7	225
2026177	x9z8	2000
2026177	x10z0	2
2026177	x10z1	0
2026177	x10z2	0
2026177	x10z3	0
2026177	x10z4	0
2026177	x10z5	3
2026177	x10z6	5
2026177	x10z7	80
2026177	x10z8	720
2026177	x10z9	8000
2026176	x1z0	0
2026176	x1z1	4.5
2026176	x2z0	0
2026176	x2z1	0
2026176	x2z2	19
2026176	x3z0	0
2026176	x3z1	0
2026176	x3z2	3
2026176	x3z3	52
2026176	x4z0	0
2026176	x4z1	0
2026176	x4z2	3
2026176	x4z3	5
2026176	x4z4	93
2026176	x5z0	0
2026176	x5z1	0
2026176	x5z2	0
2026176	x5z3	3
2026176	x5z4	20
2026176	x5z5	1000
2026176	x6z0	0
2026176	x6z1	0
2026176	x6z2	0
2026176	x6z3	3
2026176	x6z4	10
2026176	x6z5	30
2026176	x6z6	2880
2026176	x7z0	2
2026176	x7z1	0
2026176	x7z2	0
2026176	x7z3	0
2026176	x7z4	4
2026176	x7z5	30
2026176	x7z6	300
2026176	x7z7	8500
2026176	x8z0	2
2026176	x8z1	0
2026176	x8z2	0
2026176	x8z3	0
2026176	x8z4	3
2026176	x8z5	10
2026176	x8z6	80
2026176	x8z7	800
2026176	x8z8	50000
2026176	x9z0	2
2026176	x9z1	0
2026176	x9z2	0
2026176	x9z3	0
2026176	x9z4	3
2026176	x9z5	5
2026176	x9z6	22
2026176	x9z7	225
2026176	x9z8	2000
2026176	x10z0	2
2026176	x10z1	0
2026176	x10z2	0
2026176	x10z3	0
2026176	x10z4	0
2026176	x10z5	3
2026176	x10z6	5
2026176	x10z7	80
2026176	x10z8	720
2026176	x10z9	8000
2026175	x1z0	0
2026175	x1z1	4.5
2026175	x2z0	0
2026175	x2z1	0
2026175	x2z2	19
2026175	x3z0	0
2026175	x3z1	0
2026175	x3z2	3
2026175	x3z3	52
2026175	x4z0	0
2026175	x4z1	0
2026175	x4z2	3
2026175	x4z3	5
2026175	x4z4	93
2026175	x5z0	0
2026175	x5z1	0
2026175	x5z2	0
2026175	x5z3	3
2026175	x5z4	20
2026175	x5z5	1000
2026175	x6z0	0
2026175	x6z1	0
2026175	x6z2	0
2026175	x6z3	3
2026175	x6z4	10
2026175	x6z5	30
2026175	x6z6	2880
2026175	x7z0	2
2026175	x7z1	0
2026175	x7z2	0
2026175	x7z3	0
2026175	x7z4	4
2026175	x7z5	30
2026175	x7z6	300
2026175	x7z7	8500
2026175	x8z0	2
2026175	x8z1	0
2026175	x8z2	0
2026175	x8z3	0
2026175	x8z4	3
2026175	x8z5	10
2026175	x8z6	80
2026175	x8z7	800
2026175	x8z8	50000
2026175	x9z0	2
2026175	x9z1	0
2026175	x9z2	0
2026175	x9z3	0
2026175	x9z4	3
2026175	x9z5	5
2026175	x9z6	22
2026175	x9z7	225
2026175	x9z8	2000
2026175	x10z0	2
2026175	x10z1	0
2026175	x10z2	0
2026175	x10z3	0
2026175	x10z4	0
2026175	x10z5	3
2026175	x10z6	5
2026175	x10z7	80
2026175	x10z8	720
2026175	x10z9	8000
2026174	x1z0	0
2026174	x1z1	4.5
2026174	x2z0	0
2026174	x2z1	0
2026174	x2z2	19
2026174	x3z0	0
2026174	x3z1	0
2026174	x3z2	3
2026174	x3z3	52
2026174	x4z0	0
2026174	x4z1	0
2026174	x4z2	3
2026174	x4z3	5
2026174	x4z4	93
2026174	x5z0	0
2026174	x5z1	0
2026174	x5z2	0
2026174	x5z3	3
2026174	x5z4	20
2026174	x5z5	1000
2026174	x6z0	0
2026174	x6z1	0
2026174	x6z2	0
2026174	x6z3	3
2026174	x6z4	10
2026174	x6z5	30
2026174	x6z6	2880
2026174	x7z0	2
2026174	x7z1	0
2026174	x7z2	0
2026174	x7z3	0
2026174	x7z4	4
2026174	x7z5	30
2026174	x7z6	300
2026174	x7z7	8500
2026174	x8z0	2
2026174	x8z1	0
2026174	x8z2	0
2026174	x8z3	0
2026174	x8z4	3
2026174	x8z5	10
2026174	x8z6	80
2026174	x8z7	800
2026174	x8z8	50000
2026174	x9z0	2
2026174	x9z1	0
2026174	x9z2	0
2026174	x9z3	0
2026174	x9z4	3
2026174	x9z5	5
2026174	x9z6	22
2026174	x9z7	225
2026174	x9z8	2000
2026174	x10z0	2
2026174	x10z1	0
2026174	x10z2	0
2026174	x10z3	0
2026174	x10z4	0
2026174	x10z5	3
2026174	x10z6	5
2026174	x10z7	80
2026174	x10z8	720
2026174	x10z9	8000
2026173	x1z0	0
2026173	x1z1	4.5
2026173	x2z0	0
2026173	x2z1	0
2026173	x2z2	19
2026173	x3z0	0
2026173	x3z1	0
2026173	x3z2	3
2026173	x3z3	52
2026173	x4z0	0
2026173	x4z1	0
2026173	x4z2	3
2026173	x4z3	5
2026173	x4z4	93
2026173	x5z0	0
2026173	x5z1	0
2026173	x5z2	0
2026173	x5z3	3
2026173	x5z4	20
2026173	x5z5	1000
2026173	x6z0	0
2026173	x6z1	0
2026173	x6z2	0
2026173	x6z3	3
2026173	x6z4	10
2026173	x6z5	30
2026173	x6z6	2880
2026173	x7z0	2
2026173	x7z1	0
2026173	x7z2	0
2026173	x7z3	0
2026173	x7z4	4
2026173	x7z5	30
2026173	x7z6	300
2026173	x7z7	8500
2026173	x8z0	2
2026173	x8z1	0
2026173	x8z2	0
2026173	x8z3	0
2026173	x8z4	3
2026173	x8z5	10
2026173	x8z6	80
2026173	x8z7	800
2026173	x8z8	50000
2026173	x9z0	2
2026173	x9z1	0
2026173	x9z2	0
2026173	x9z3	0
2026173	x9z4	3
2026173	x9z5	5
2026173	x9z6	22
2026173	x9z7	225
2026173	x9z8	2000
2026173	x10z0	2
2026173	x10z1	0
2026173	x10z2	0
2026173	x10z3	0
2026173	x10z4	0
2026173	x10z5	3
2026173	x10z6	5
2026173	x10z7	80
2026173	x10z8	720
2026173	x10z9	8000
2026172	x1z0	0
2026172	x1z1	4.5
2026172	x2z0	0
2026172	x2z1	0
2026172	x2z2	19
2026172	x3z0	0
2026172	x3z1	0
2026172	x3z2	3
2026172	x3z3	52
2026172	x4z0	0
2026172	x4z1	0
2026172	x4z2	3
2026172	x4z3	5
2026172	x4z4	93
2026172	x5z0	0
2026172	x5z1	0
2026172	x5z2	0
2026172	x5z3	3
2026172	x5z4	20
2026172	x5z5	1000
2026172	x6z0	0
2026172	x6z1	0
2026172	x6z2	0
2026172	x6z3	3
2026172	x6z4	10
2026172	x6z5	30
2026172	x6z6	2880
2026172	x7z0	2
2026172	x7z1	0
2026172	x7z2	0
2026172	x7z3	0
2026172	x7z4	4
2026172	x7z5	30
2026172	x7z6	300
2026172	x7z7	8500
2026172	x8z0	2
2026172	x8z1	0
2026172	x8z2	0
2026172	x8z3	0
2026172	x8z4	3
2026172	x8z5	10
2026172	x8z6	80
2026172	x8z7	800
2026172	x8z8	50000
2026172	x9z0	2
2026172	x9z1	0
2026172	x9z2	0
2026172	x9z3	0
2026172	x9z4	3
2026172	x9z5	5
2026172	x9z6	22
2026172	x9z7	225
2026172	x9z8	2000
2026172	x10z0	2
2026172	x10z1	0
2026172	x10z2	0
2026172	x10z3	0
2026172	x10z4	0
2026172	x10z5	3
2026172	x10z6	5
2026172	x10z7	80
2026172	x10z8	720
2026172	x10z9	8000
2026171	x1z0	0
2026171	x1z1	4.5
2026171	x2z0	0
2026171	x2z1	0
2026171	x2z2	19
2026171	x3z0	0
2026171	x3z1	0
2026171	x3z2	3
2026171	x3z3	52
2026171	x4z0	0
2026171	x4z1	0
2026171	x4z2	3
2026171	x4z3	5
2026171	x4z4	93
2026171	x5z0	0
2026171	x5z1	0
2026171	x5z2	0
2026171	x5z3	3
2026171	x5z4	20
2026171	x5z5	1000
2026171	x6z0	0
2026171	x6z1	0
2026171	x6z2	0
2026171	x6z3	3
2026171	x6z4	10
2026171	x6z5	30
2026171	x6z6	2880
2026171	x7z0	2
2026171	x7z1	0
2026171	x7z2	0
2026171	x7z3	0
2026171	x7z4	4
2026171	x7z5	30
2026171	x7z6	300
2026171	x7z7	8500
2026171	x8z0	2
2026171	x8z1	0
2026171	x8z2	0
2026171	x8z3	0
2026171	x8z4	3
2026171	x8z5	10
2026171	x8z6	80
2026171	x8z7	800
2026171	x8z8	50000
2026171	x9z0	2
2026171	x9z1	0
2026171	x9z2	0
2026171	x9z3	0
2026171	x9z4	3
2026171	x9z5	5
2026171	x9z6	22
2026171	x9z7	225
2026171	x9z8	2000
2026171	x10z0	2
2026171	x10z1	0
2026171	x10z2	0
2026171	x10z3	0
2026171	x10z4	0
2026171	x10z5	3
2026171	x10z6	5
2026171	x10z7	80
2026171	x10z8	720
2026171	x10z9	8000
2026170	x1z0	0
2026170	x1z1	4.5
2026170	x2z0	0
2026170	x2z1	0
2026170	x2z2	19
2026170	x3z0	0
2026170	x3z1	0
2026170	x3z2	3
2026170	x3z3	52
2026170	x4z0	0
2026170	x4z1	0
2026170	x4z2	3
2026170	x4z3	5
2026170	x4z4	93
2026170	x5z0	0
2026170	x5z1	0
2026170	x5z2	0
2026170	x5z3	3
2026170	x5z4	20
2026170	x5z5	1000
2026170	x6z0	0
2026170	x6z1	0
2026170	x6z2	0
2026170	x6z3	3
2026170	x6z4	10
2026170	x6z5	30
2026170	x6z6	2880
2026170	x7z0	2
2026170	x7z1	0
2026170	x7z2	0
2026170	x7z3	0
2026170	x7z4	4
2026170	x7z5	30
2026170	x7z6	300
2026170	x7z7	8500
2026170	x8z0	2
2026170	x8z1	0
2026170	x8z2	0
2026170	x8z3	0
2026170	x8z4	3
2026170	x8z5	10
2026170	x8z6	80
2026170	x8z7	800
2026170	x8z8	50000
2026170	x9z0	2
2026170	x9z1	0
2026170	x9z2	0
2026170	x9z3	0
2026170	x9z4	3
2026170	x9z5	5
2026170	x9z6	22
2026170	x9z7	225
2026170	x9z8	2000
2026170	x10z0	2
2026170	x10z1	0
2026170	x10z2	0
2026170	x10z3	0
2026170	x10z4	0
2026170	x10z5	3
2026170	x10z6	5
2026170	x10z7	80
2026170	x10z8	720
2026170	x10z9	8000
2026169	x1z0	0
2026169	x1z1	4.5
2026169	x2z0	0
2026169	x2z1	0
2026169	x2z2	19
2026169	x3z0	0
2026169	x3z1	0
2026169	x3z2	3
2026169	x3z3	52
2026169	x4z0	0
2026169	x4z1	0
2026169	x4z2	3
2026169	x4z3	5
2026169	x4z4	93
2026169	x5z0	0
2026169	x5z1	0
2026169	x5z2	0
2026169	x5z3	3
2026169	x5z4	20
2026169	x5z5	1000
2026169	x6z0	0
2026169	x6z1	0
2026169	x6z2	0
2026169	x6z3	3
2026169	x6z4	10
2026169	x6z5	30
2026169	x6z6	2880
2026169	x7z0	2
2026169	x7z1	0
2026169	x7z2	0
2026169	x7z3	0
2026169	x7z4	4
2026169	x7z5	30
2026169	x7z6	300
2026169	x7z7	8500
2026169	x8z0	2
2026169	x8z1	0
2026169	x8z2	0
2026169	x8z3	0
2026169	x8z4	3
2026169	x8z5	10
2026169	x8z6	80
2026169	x8z7	800
2026169	x8z8	50000
2026169	x9z0	2
2026169	x9z1	0
2026169	x9z2	0
2026169	x9z3	0
2026169	x9z4	3
2026169	x9z5	5
2026169	x9z6	22
2026169	x9z7	225
2026169	x9z8	2000
2026169	x10z0	2
2026169	x10z1	0
2026169	x10z2	0
2026169	x10z3	0
2026169	x10z4	0
2026169	x10z5	3
2026169	x10z6	5
2026169	x10z7	80
2026169	x10z8	720
2026169	x10z9	8000
2026168	x1z0	0
2026168	x1z1	4.5
2026168	x2z0	0
2026168	x2z1	0
2026168	x2z2	19
2026168	x3z0	0
2026168	x3z1	0
2026168	x3z2	3
2026168	x3z3	52
2026168	x4z0	0
2026168	x4z1	0
2026168	x4z2	3
2026168	x4z3	5
2026168	x4z4	93
2026168	x5z0	0
2026168	x5z1	0
2026168	x5z2	0
2026168	x5z3	3
2026168	x5z4	20
2026168	x5z5	1000
2026168	x6z0	0
2026168	x6z1	0
2026168	x6z2	0
2026168	x6z3	3
2026168	x6z4	10
2026168	x6z5	30
2026168	x6z6	2880
2026168	x7z0	2
2026168	x7z1	0
2026168	x7z2	0
2026168	x7z3	0
2026168	x7z4	4
2026168	x7z5	30
2026168	x7z6	300
2026168	x7z7	8500
2026168	x8z0	2
2026168	x8z1	0
2026168	x8z2	0
2026168	x8z3	0
2026168	x8z4	3
2026168	x8z5	10
2026168	x8z6	80
2026168	x8z7	800
2026168	x8z8	50000
2026168	x9z0	2
2026168	x9z1	0
2026168	x9z2	0
2026168	x9z3	0
2026168	x9z4	3
2026168	x9z5	5
2026168	x9z6	22
2026168	x9z7	225
2026168	x9z8	2000
2026168	x10z0	2
2026168	x10z1	0
2026168	x10z2	0
2026168	x10z3	0
2026168	x10z4	0
2026168	x10z5	3
2026168	x10z6	5
2026168	x10z7	80
2026168	x10z8	720
2026168	x10z9	8000
2026167	x1z0	0
2026167	x1z1	4.5
2026167	x2z0	0
2026167	x2z1	0
2026167	x2z2	19
2026167	x3z0	0
2026167	x3z1	0
2026167	x3z2	3
2026167	x3z3	52
2026167	x4z0	0
2026167	x4z1	0
2026167	x4z2	3
2026167	x4z3	5
2026167	x4z4	93
2026167	x5z0	0
2026167	x5z1	0
2026167	x5z2	0
2026167	x5z3	3
2026167	x5z4	20
2026167	x5z5	1000
2026167	x6z0	0
2026167	x6z1	0
2026167	x6z2	0
2026167	x6z3	3
2026167	x6z4	10
2026167	x6z5	30
2026167	x6z6	2880
2026167	x7z0	2
2026167	x7z1	0
2026167	x7z2	0
2026167	x7z3	0
2026167	x7z4	4
2026167	x7z5	30
2026167	x7z6	300
2026167	x7z7	8500
2026167	x8z0	2
2026167	x8z1	0
2026167	x8z2	0
2026167	x8z3	0
2026167	x8z4	3
2026167	x8z5	10
2026167	x8z6	80
2026167	x8z7	800
2026167	x8z8	50000
2026167	x9z0	2
2026167	x9z1	0
2026167	x9z2	0
2026167	x9z3	0
2026167	x9z4	3
2026167	x9z5	5
2026167	x9z6	22
2026167	x9z7	225
2026167	x9z8	2000
2026167	x10z0	2
2026167	x10z1	0
2026167	x10z2	0
2026167	x10z3	0
2026167	x10z4	0
2026167	x10z5	3
2026167	x10z6	5
2026167	x10z7	80
2026167	x10z8	720
2026167	x10z9	8000
2026166	x1z0	0
2026166	x1z1	4.5
2026166	x2z0	0
2026166	x2z1	0
2026166	x2z2	19
2026166	x3z0	0
2026166	x3z1	0
2026166	x3z2	3
2026166	x3z3	52
2026166	x4z0	0
2026166	x4z1	0
2026166	x4z2	3
2026166	x4z3	5
2026166	x4z4	93
2026166	x5z0	0
2026166	x5z1	0
2026166	x5z2	0
2026166	x5z3	3
2026166	x5z4	20
2026166	x5z5	1000
2026166	x6z0	0
2026166	x6z1	0
2026166	x6z2	0
2026166	x6z3	3
2026166	x6z4	10
2026166	x6z5	30
2026166	x6z6	2880
2026166	x7z0	2
2026166	x7z1	0
2026166	x7z2	0
2026166	x7z3	0
2026166	x7z4	4
2026166	x7z5	30
2026166	x7z6	300
2026166	x7z7	8500
2026166	x8z0	2
2026166	x8z1	0
2026166	x8z2	0
2026166	x8z3	0
2026166	x8z4	3
2026166	x8z5	10
2026166	x8z6	80
2026166	x8z7	800
2026166	x8z8	50000
2026166	x9z0	2
2026166	x9z1	0
2026166	x9z2	0
2026166	x9z3	0
2026166	x9z4	3
2026166	x9z5	5
2026166	x9z6	22
2026166	x9z7	225
2026166	x9z8	2000
2026166	x10z0	2
2026166	x10z1	0
2026166	x10z2	0
2026166	x10z3	0
2026166	x10z4	0
2026166	x10z5	3
2026166	x10z6	5
2026166	x10z7	80
2026166	x10z8	720
2026166	x10z9	8000
2026165	x1z0	0
2026165	x1z1	4.5
2026165	x2z0	0
2026165	x2z1	0
2026165	x2z2	19
2026165	x3z0	0
2026165	x3z1	0
2026165	x3z2	3
2026165	x3z3	52
2026165	x4z0	0
2026165	x4z1	0
2026165	x4z2	3
2026165	x4z3	5
2026165	x4z4	93
2026165	x5z0	0
2026165	x5z1	0
2026165	x5z2	0
2026165	x5z3	3
2026165	x5z4	20
2026165	x5z5	1000
2026165	x6z0	0
2026165	x6z1	0
2026165	x6z2	0
2026165	x6z3	3
2026165	x6z4	10
2026165	x6z5	30
2026165	x6z6	2880
2026165	x7z0	2
2026165	x7z1	0
2026165	x7z2	0
2026165	x7z3	0
2026165	x7z4	4
2026165	x7z5	30
2026165	x7z6	300
2026165	x7z7	8500
2026165	x8z0	2
2026165	x8z1	0
2026165	x8z2	0
2026165	x8z3	0
2026165	x8z4	3
2026165	x8z5	10
2026165	x8z6	80
2026165	x8z7	800
2026165	x8z8	50000
2026165	x9z0	2
2026165	x9z1	0
2026165	x9z2	0
2026165	x9z3	0
2026165	x9z4	3
2026165	x9z5	5
2026165	x9z6	22
2026165	x9z7	225
2026165	x9z8	2000
2026165	x10z0	2
2026165	x10z1	0
2026165	x10z2	0
2026165	x10z3	0
2026165	x10z4	0
2026165	x10z5	3
2026165	x10z6	5
2026165	x10z7	80
2026165	x10z8	720
2026165	x10z9	8000
2026164	x1z0	0
2026164	x1z1	4.5
2026164	x2z0	0
2026164	x2z1	0
2026164	x2z2	19
2026164	x3z0	0
2026164	x3z1	0
2026164	x3z2	3
2026164	x3z3	52
2026164	x4z0	0
2026164	x4z1	0
2026164	x4z2	3
2026164	x4z3	5
2026164	x4z4	93
2026164	x5z0	0
2026164	x5z1	0
2026164	x5z2	0
2026164	x5z3	3
2026164	x5z4	20
2026164	x5z5	1000
2026164	x6z0	0
2026164	x6z1	0
2026164	x6z2	0
2026164	x6z3	3
2026164	x6z4	10
2026164	x6z5	30
2026164	x6z6	2880
2026164	x7z0	2
2026164	x7z1	0
2026164	x7z2	0
2026164	x7z3	0
2026164	x7z4	4
2026164	x7z5	30
2026164	x7z6	300
2026164	x7z7	8500
2026164	x8z0	2
2026164	x8z1	0
2026164	x8z2	0
2026164	x8z3	0
2026164	x8z4	3
2026164	x8z5	10
2026164	x8z6	80
2026164	x8z7	800
2026164	x8z8	50000
2026164	x9z0	2
2026164	x9z1	0
2026164	x9z2	0
2026164	x9z3	0
2026164	x9z4	3
2026164	x9z5	5
2026164	x9z6	22
2026164	x9z7	225
2026164	x9z8	2000
2026164	x10z0	2
2026164	x10z1	0
2026164	x10z2	0
2026164	x10z3	0
2026164	x10z4	0
2026164	x10z5	3
2026164	x10z6	5
2026164	x10z7	80
2026164	x10z8	720
2026164	x10z9	8000
